Created by PLY version 3.11 (http://www.dabeaz.com/ply)

Grammar

Rule 0     S' -> program
Rule 1     program -> statement_list
Rule 2     statement_list -> statement statement_list
Rule 3     statement_list -> statement
Rule 4     statement -> create_stmt
Rule 5     statement -> apply_stmt
Rule 6     statement -> measure_stmt
Rule 7     statement -> select_stmt
Rule 8     statement -> gate_def
Rule 9     statement -> input_stmt
Rule 10    statement -> const_decl
Rule 11    const_decl -> CONST IDENT ASSIGN expr SEMICOLON
Rule 12    create_stmt -> CREATE QUBITS IDENT LBRACKET size_expr RBRACKET SEMICOLON
Rule 13    create_stmt -> CREATE BITS IDENT LBRACKET size_expr RBRACKET SEMICOLON
Rule 14    size_expr -> INT
Rule 15    size_expr -> IDENT
Rule 16    size_expr -> MINUS INT
Rule 17    apply_stmt -> APPLY gate_call ON target_list SEMICOLON
Rule 18    gate_call -> IDENT
Rule 19    gate_call -> IDENT LPAREN arg_list RPAREN
Rule 20    input_stmt -> INPUT IDENT SEMICOLON
Rule 21    select_stmt -> SELECT IDENT FROM IDENT where_clause SEMICOLON
Rule 22    where_clause -> WHERE expr
Rule 23    where_clause -> empty
Rule 24    target_list -> single_target target_tail
Rule 25    target_tail -> COMMA single_target target_tail
Rule 26    target_tail -> empty
Rule 27    single_target -> qubit
Rule 28    single_target -> select_expr
Rule 29    single_target -> all_from
Rule 30    all_from -> ALL FROM IDENT
Rule 31    all_from -> ALL FROM IDENT WHERE expr
Rule 32    select_expr -> SELECT IDENT FROM IDENT where_clause
Rule 33    qubit -> IDENT
Rule 34    qubit -> IDENT LBRACKET qubit_index RBRACKET
Rule 35    qubit_index -> INT
Rule 36    qubit_index -> STAR
Rule 37    qubit_index -> INT COLON INT
Rule 38    qubit_index -> MINUS INT
Rule 39    qubit_index -> MINUS INT COLON INT
Rule 40    qubit_index -> MINUS INT COLON MINUS INT
Rule 41    qubit_index -> IDENT
Rule 42    qubit_index -> MINUS IDENT
Rule 43    measure_stmt -> MEASURE target_list ARROW target_list SEMICOLON
Rule 44    measure_stmt -> MEASURE target_list SEMICOLON
Rule 45    gate_def -> GATE IDENT LPAREN param_list RPAREN LBRACE statement_list RBRACE
Rule 46    param_list -> param_tail
Rule 47    param_list -> empty
Rule 48    param_tail -> IDENT
Rule 49    param_tail -> IDENT COMMA param_tail
Rule 50    expr -> expr AND expr
Rule 51    expr -> expr OR expr
Rule 52    expr -> expr EQEQ expr
Rule 53    expr -> expr NE expr
Rule 54    expr -> expr LT expr
Rule 55    expr -> expr GT expr
Rule 56    expr -> expr LE expr
Rule 57    expr -> expr GE expr
Rule 58    expr -> expr PLUS expr
Rule 59    expr -> expr MINUS expr
Rule 60    expr -> expr STAR expr
Rule 61    expr -> expr DIVIDE expr
Rule 62    expr -> expr PERCENT expr
Rule 63    expr -> expr POWER expr
Rule 64    expr -> MINUS expr
Rule 65    expr -> LPAREN expr RPAREN
Rule 66    expr -> INT
Rule 67    expr -> FLOAT
Rule 68    expr -> PI
Rule 69    expr -> IDENT
Rule 70    expr -> SIN LPAREN arg_list RPAREN
Rule 71    expr -> COS LPAREN arg_list RPAREN
Rule 72    expr -> TAN LPAREN arg_list RPAREN
Rule 73    expr -> EXP LPAREN arg_list RPAREN
Rule 74    expr -> LOG LPAREN arg_list RPAREN
Rule 75    expr -> SQRT LPAREN arg_list RPAREN
Rule 76    expr -> ABS LPAREN arg_list RPAREN
Rule 77    expr -> ASIN LPAREN arg_list RPAREN
Rule 78    expr -> ACOS LPAREN arg_list RPAREN
Rule 79    expr -> ATAN LPAREN arg_list RPAREN
Rule 80    expr -> IDENT LPAREN arg_list RPAREN
Rule 81    arg_list -> expr_list
Rule 82    arg_list -> empty
Rule 83    expr_list -> expr
Rule 84    expr_list -> expr COMMA expr_list
Rule 85    empty -> <empty>

Terminals, with rules where they appear

ABS                  : 76
ACOS                 : 78
ALL                  : 30 31
AND                  : 50
APPLY                : 17
ARROW                : 43
ASIN                 : 77
ASSIGN               : 11
ATAN                 : 79
BITS                 : 13
COLON                : 37 39 40
COMMA                : 25 49 84
CONST                : 11
COS                  : 71
CREATE               : 12 13
DIVIDE               : 61
EQEQ                 : 52
EXP                  : 73
FLOAT                : 67
FROM                 : 21 30 31 32
GATE                 : 45
GE                   : 57
GT                   : 55
IDENT                : 11 12 13 15 18 19 20 21 21 30 31 32 32 33 34 41 42 45 48 49 69 80
INPUT                : 20
INT                  : 14 16 35 37 37 38 39 39 40 40 66
LBRACE               : 45
LBRACKET             : 12 13 34
LE                   : 56
LOG                  : 74
LPAREN               : 19 45 65 70 71 72 73 74 75 76 77 78 79 80
LT                   : 54
MEASURE              : 43 44
MINUS                : 16 38 39 40 40 42 59 64
NE                   : 53
ON                   : 17
OR                   : 51
PERCENT              : 62
PI                   : 68
PLUS                 : 58
POWER                : 63
QUBITS               : 12
RBRACE               : 45
RBRACKET             : 12 13 34
RPAREN               : 19 45 65 70 71 72 73 74 75 76 77 78 79 80
SELECT               : 21 32
SEMICOLON            : 11 12 13 17 20 21 43 44
SIN                  : 70
SQRT                 : 75
STAR                 : 36 60
TAN                  : 72
WHERE                : 22 31
error                : 

Nonterminals, with rules where they appear

all_from             : 29
apply_stmt           : 5
arg_list             : 19 70 71 72 73 74 75 76 77 78 79 80
const_decl           : 10
create_stmt          : 4
empty                : 23 26 47 82
expr                 : 11 22 31 50 50 51 51 52 52 53 53 54 54 55 55 56 56 57 57 58 58 59 59 60 60 61 61 62 62 63 63 64 65 83 84
expr_list            : 81 84
gate_call            : 17
gate_def             : 8
input_stmt           : 9
measure_stmt         : 6
param_list           : 45
param_tail           : 46 49
program              : 0
qubit                : 27
qubit_index          : 34
select_expr          : 28
select_stmt          : 7
single_target        : 24 25
size_expr            : 12 13
statement            : 2 3
statement_list       : 1 2 45
target_list          : 17 43 43 44
target_tail          : 24 25
where_clause         : 21 32

Parsing method: LALR

state 0

    (0) S' -> . program
    (1) program -> . statement_list
    (2) statement_list -> . statement statement_list
    (3) statement_list -> . statement
    (4) statement -> . create_stmt
    (5) statement -> . apply_stmt
    (6) statement -> . measure_stmt
    (7) statement -> . select_stmt
    (8) statement -> . gate_def
    (9) statement -> . input_stmt
    (10) statement -> . const_decl
    (12) create_stmt -> . CREATE QUBITS IDENT LBRACKET size_expr RBRACKET SEMICOLON
    (13) create_stmt -> . CREATE BITS IDENT LBRACKET size_expr RBRACKET SEMICOLON
    (17) apply_stmt -> . APPLY gate_call ON target_list SEMICOLON
    (43) measure_stmt -> . MEASURE target_list ARROW target_list SEMICOLON
    (44) measure_stmt -> . MEASURE target_list SEMICOLON
    (21) select_stmt -> . SELECT IDENT FROM IDENT where_clause SEMICOLON
    (45) gate_def -> . GATE IDENT LPAREN param_list RPAREN LBRACE statement_list RBRACE
    (20) input_stmt -> . INPUT IDENT SEMICOLON
    (11) const_decl -> . CONST IDENT ASSIGN expr SEMICOLON

    CREATE          shift and go to state 11
    APPLY           shift and go to state 12
    MEASURE         shift and go to state 13
    SELECT          shift and go to state 14
    GATE            shift and go to state 15
    INPUT           shift and go to state 16
    CONST           shift and go to state 17

    program                        shift and go to state 1
    statement_list                 shift and go to state 2
    statement                      shift and go to state 3
    create_stmt                    shift and go to state 4
    apply_stmt                     shift and go to state 5
    measure_stmt                   shift and go to state 6
    select_stmt                    shift and go to state 7
    gate_def                       shift and go to state 8
    input_stmt                     shift and go to state 9
    const_decl                     shift and go to state 10

state 1

    (0) S' -> program .



state 2

    (1) program -> statement_list .

    $end            reduce using rule 1 (program -> statement_list .)


state 3

    (2) statement_list -> statement . statement_list
    (3) statement_list -> statement .
    (2) statement_list -> . statement statement_list
    (3) statement_list -> . statement
    (4) statement -> . create_stmt
    (5) statement -> . apply_stmt
    (6) statement -> . measure_stmt
    (7) statement -> . select_stmt
    (8) statement -> . gate_def
    (9) statement -> . input_stmt
    (10) statement -> . const_decl
    (12) create_stmt -> . CREATE QUBITS IDENT LBRACKET size_expr RBRACKET SEMICOLON
    (13) create_stmt -> . CREATE BITS IDENT LBRACKET size_expr RBRACKET SEMICOLON
    (17) apply_stmt -> . APPLY gate_call ON target_list SEMICOLON
    (43) measure_stmt -> . MEASURE target_list ARROW target_list SEMICOLON
    (44) measure_stmt -> . MEASURE target_list SEMICOLON
    (21) select_stmt -> . SELECT IDENT FROM IDENT where_clause SEMICOLON
    (45) gate_def -> . GATE IDENT LPAREN param_list RPAREN LBRACE statement_list RBRACE
    (20) input_stmt -> . INPUT IDENT SEMICOLON
    (11) const_decl -> . CONST IDENT ASSIGN expr SEMICOLON

    $end            reduce using rule 3 (statement_list -> statement .)
    RBRACE          reduce using rule 3 (statement_list -> statement .)
    CREATE          shift and go to state 11
    APPLY           shift and go to state 12
    MEASURE         shift and go to state 13
    SELECT          shift and go to state 14
    GATE            shift and go to state 15
    INPUT           shift and go to state 16
    CONST           shift and go to state 17

    statement                      shift and go to state 3
    statement_list                 shift and go to state 18
    create_stmt                    shift and go to state 4
    apply_stmt                     shift and go to state 5
    measure_stmt                   shift and go to state 6
    select_stmt                    shift and go to state 7
    gate_def                       shift and go to state 8
    input_stmt                     shift and go to state 9
    const_decl                     shift and go to state 10

state 4

    (4) statement -> create_stmt .

    CREATE          reduce using rule 4 (statement -> create_stmt .)
    APPLY           reduce using rule 4 (statement -> create_stmt .)
    MEASURE         reduce using rule 4 (statement -> create_stmt .)
    SELECT          reduce using rule 4 (statement -> create_stmt .)
    GATE            reduce using rule 4 (statement -> create_stmt .)
    INPUT           reduce using rule 4 (statement -> create_stmt .)
    CONST           reduce using rule 4 (statement -> create_stmt .)
    $end            reduce using rule 4 (statement -> create_stmt .)
    RBRACE          reduce using rule 4 (statement -> create_stmt .)


state 5

    (5) statement -> apply_stmt .

    CREATE          reduce using rule 5 (statement -> apply_stmt .)
    APPLY           reduce using rule 5 (statement -> apply_stmt .)
    MEASURE         reduce using rule 5 (statement -> apply_stmt .)
    SELECT          reduce using rule 5 (statement -> apply_stmt .)
    GATE            reduce using rule 5 (statement -> apply_stmt .)
    INPUT           reduce using rule 5 (statement -> apply_stmt .)
    CONST           reduce using rule 5 (statement -> apply_stmt .)
    $end            reduce using rule 5 (statement -> apply_stmt .)
    RBRACE          reduce using rule 5 (statement -> apply_stmt .)


state 6

    (6) statement -> measure_stmt .

    CREATE          reduce using rule 6 (statement -> measure_stmt .)
    APPLY           reduce using rule 6 (statement -> measure_stmt .)
    MEASURE         reduce using rule 6 (statement -> measure_stmt .)
    SELECT          reduce using rule 6 (statement -> measure_stmt .)
    GATE            reduce using rule 6 (statement -> measure_stmt .)
    INPUT           reduce using rule 6 (statement -> measure_stmt .)
    CONST           reduce using rule 6 (statement -> measure_stmt .)
    $end            reduce using rule 6 (statement -> measure_stmt .)
    RBRACE          reduce using rule 6 (statement -> measure_stmt .)


state 7

    (7) statement -> select_stmt .

    CREATE          reduce using rule 7 (statement -> select_stmt .)
    APPLY           reduce using rule 7 (statement -> select_stmt .)
    MEASURE         reduce using rule 7 (statement -> select_stmt .)
    SELECT          reduce using rule 7 (statement -> select_stmt .)
    GATE            reduce using rule 7 (statement -> select_stmt .)
    INPUT           reduce using rule 7 (statement -> select_stmt .)
    CONST           reduce using rule 7 (statement -> select_stmt .)
    $end            reduce using rule 7 (statement -> select_stmt .)
    RBRACE          reduce using rule 7 (statement -> select_stmt .)


state 8

    (8) statement -> gate_def .

    CREATE          reduce using rule 8 (statement -> gate_def .)
    APPLY           reduce using rule 8 (statement -> gate_def .)
    MEASURE         reduce using rule 8 (statement -> gate_def .)
    SELECT          reduce using rule 8 (statement -> gate_def .)
    GATE            reduce using rule 8 (statement -> gate_def .)
    INPUT           reduce using rule 8 (statement -> gate_def .)
    CONST           reduce using rule 8 (statement -> gate_def .)
    $end            reduce using rule 8 (statement -> gate_def .)
    RBRACE          reduce using rule 8 (statement -> gate_def .)


state 9

    (9) statement -> input_stmt .

    CREATE          reduce using rule 9 (statement -> input_stmt .)
    APPLY           reduce using rule 9 (statement -> input_stmt .)
    MEASURE         reduce using rule 9 (statement -> input_stmt .)
    SELECT          reduce using rule 9 (statement -> input_stmt .)
    GATE            reduce using rule 9 (statement -> input_stmt .)
    INPUT           reduce using rule 9 (statement -> input_stmt .)
    CONST           reduce using rule 9 (statement -> input_stmt .)
    $end            reduce using rule 9 (statement -> input_stmt .)
    RBRACE          reduce using rule 9 (statement -> input_stmt .)


state 10

    (10) statement -> const_decl .

    CREATE          reduce using rule 10 (statement -> const_decl .)
    APPLY           reduce using rule 10 (statement -> const_decl .)
    MEASURE         reduce using rule 10 (statement -> const_decl .)
    SELECT          reduce using rule 10 (statement -> const_decl .)
    GATE            reduce using rule 10 (statement -> const_decl .)
    INPUT           reduce using rule 10 (statement -> const_decl .)
    CONST           reduce using rule 10 (statement -> const_decl .)
    $end            reduce using rule 10 (statement -> const_decl .)
    RBRACE          reduce using rule 10 (statement -> const_decl .)


state 11

    (12) create_stmt -> CREATE . QUBITS IDENT LBRACKET size_expr RBRACKET SEMICOLON
    (13) create_stmt -> CREATE . BITS IDENT LBRACKET size_expr RBRACKET SEMICOLON

    QUBITS          shift and go to state 19
    BITS            shift and go to state 20


state 12

    (17) apply_stmt -> APPLY . gate_call ON target_list SEMICOLON
    (18) gate_call -> . IDENT
    (19) gate_call -> . IDENT LPAREN arg_list RPAREN

    IDENT           shift and go to state 22

    gate_call                      shift and go to state 21

state 13

    (43) measure_stmt -> MEASURE . target_list ARROW target_list SEMICOLON
    (44) measure_stmt -> MEASURE . target_list SEMICOLON
    (24) target_list -> . single_target target_tail
    (27) single_target -> . qubit
    (28) single_target -> . select_expr
    (29) single_target -> . all_from
    (33) qubit -> . IDENT
    (34) qubit -> . IDENT LBRACKET qubit_index RBRACKET
    (32) select_expr -> . SELECT IDENT FROM IDENT where_clause
    (30) all_from -> . ALL FROM IDENT
    (31) all_from -> . ALL FROM IDENT WHERE expr

    IDENT           shift and go to state 28
    SELECT          shift and go to state 29
    ALL             shift and go to state 30

    target_list                    shift and go to state 23
    single_target                  shift and go to state 24
    qubit                          shift and go to state 25
    select_expr                    shift and go to state 26
    all_from                       shift and go to state 27

state 14

    (21) select_stmt -> SELECT . IDENT FROM IDENT where_clause SEMICOLON

    IDENT           shift and go to state 31


state 15

    (45) gate_def -> GATE . IDENT LPAREN param_list RPAREN LBRACE statement_list RBRACE

    IDENT           shift and go to state 32


state 16

    (20) input_stmt -> INPUT . IDENT SEMICOLON

    IDENT           shift and go to state 33


state 17

    (11) const_decl -> CONST . IDENT ASSIGN expr SEMICOLON

    IDENT           shift and go to state 34


state 18

    (2) statement_list -> statement statement_list .

    $end            reduce using rule 2 (statement_list -> statement statement_list .)
    RBRACE          reduce using rule 2 (statement_list -> statement statement_list .)


state 19

    (12) create_stmt -> CREATE QUBITS . IDENT LBRACKET size_expr RBRACKET SEMICOLON

    IDENT           shift and go to state 35


state 20

    (13) create_stmt -> CREATE BITS . IDENT LBRACKET size_expr RBRACKET SEMICOLON

    IDENT           shift and go to state 36


state 21

    (17) apply_stmt -> APPLY gate_call . ON target_list SEMICOLON

    ON              shift and go to state 37


state 22

    (18) gate_call -> IDENT .
    (19) gate_call -> IDENT . LPAREN arg_list RPAREN

    ON              reduce using rule 18 (gate_call -> IDENT .)
    LPAREN          shift and go to state 38


state 23

    (43) measure_stmt -> MEASURE target_list . ARROW target_list SEMICOLON
    (44) measure_stmt -> MEASURE target_list . SEMICOLON

    ARROW           shift and go to state 39
    SEMICOLON       shift and go to state 40


state 24

    (24) target_list -> single_target . target_tail
    (25) target_tail -> . COMMA single_target target_tail
    (26) target_tail -> . empty
    (85) empty -> .

    COMMA           shift and go to state 42
    ARROW           reduce using rule 85 (empty -> .)
    SEMICOLON       reduce using rule 85 (empty -> .)

    target_tail                    shift and go to state 41
    empty                          shift and go to state 43

state 25

    (27) single_target -> qubit .

    COMMA           reduce using rule 27 (single_target -> qubit .)
    ARROW           reduce using rule 27 (single_target -> qubit .)
    SEMICOLON       reduce using rule 27 (single_target -> qubit .)


state 26

    (28) single_target -> select_expr .

    COMMA           reduce using rule 28 (single_target -> select_expr .)
    ARROW           reduce using rule 28 (single_target -> select_expr .)
    SEMICOLON       reduce using rule 28 (single_target -> select_expr .)


state 27

    (29) single_target -> all_from .

    COMMA           reduce using rule 29 (single_target -> all_from .)
    ARROW           reduce using rule 29 (single_target -> all_from .)
    SEMICOLON       reduce using rule 29 (single_target -> all_from .)


state 28

    (33) qubit -> IDENT .
    (34) qubit -> IDENT . LBRACKET qubit_index RBRACKET

    COMMA           reduce using rule 33 (qubit -> IDENT .)
    ARROW           reduce using rule 33 (qubit -> IDENT .)
    SEMICOLON       reduce using rule 33 (qubit -> IDENT .)
    LBRACKET        shift and go to state 44


state 29

    (32) select_expr -> SELECT . IDENT FROM IDENT where_clause

    IDENT           shift and go to state 45


state 30

    (30) all_from -> ALL . FROM IDENT
    (31) all_from -> ALL . FROM IDENT WHERE expr

    FROM            shift and go to state 46


state 31

    (21) select_stmt -> SELECT IDENT . FROM IDENT where_clause SEMICOLON

    FROM            shift and go to state 47


state 32

    (45) gate_def -> GATE IDENT . LPAREN param_list RPAREN LBRACE statement_list RBRACE

    LPAREN          shift and go to state 48


state 33

    (20) input_stmt -> INPUT IDENT . SEMICOLON

    SEMICOLON       shift and go to state 49


state 34

    (11) const_decl -> CONST IDENT . ASSIGN expr SEMICOLON

    ASSIGN          shift and go to state 50


state 35

    (12) create_stmt -> CREATE QUBITS IDENT . LBRACKET size_expr RBRACKET SEMICOLON

    LBRACKET        shift and go to state 51


state 36

    (13) create_stmt -> CREATE BITS IDENT . LBRACKET size_expr RBRACKET SEMICOLON

    LBRACKET        shift and go to state 52


state 37

    (17) apply_stmt -> APPLY gate_call ON . target_list SEMICOLON
    (24) target_list -> . single_target target_tail
    (27) single_target -> . qubit
    (28) single_target -> . select_expr
    (29) single_target -> . all_from
    (33) qubit -> . IDENT
    (34) qubit -> . IDENT LBRACKET qubit_index RBRACKET
    (32) select_expr -> . SELECT IDENT FROM IDENT where_clause
    (30) all_from -> . ALL FROM IDENT
    (31) all_from -> . ALL FROM IDENT WHERE expr

    IDENT           shift and go to state 28
    SELECT          shift and go to state 29
    ALL             shift and go to state 30

    target_list                    shift and go to state 53
    single_target                  shift and go to state 24
    qubit                          shift and go to state 25
    select_expr                    shift and go to state 26
    all_from                       shift and go to state 27

state 38

    (19) gate_call -> IDENT LPAREN . arg_list RPAREN
    (81) arg_list -> . expr_list
    (82) arg_list -> . empty
    (83) expr_list -> . expr
    (84) expr_list -> . expr COMMA expr_list
    (85) empty -> .
    (50) expr -> . expr AND expr
    (51) expr -> . expr OR expr
    (52) expr -> . expr EQEQ expr
    (53) expr -> . expr NE expr
    (54) expr -> . expr LT expr
    (55) expr -> . expr GT expr
    (56) expr -> . expr LE expr
    (57) expr -> . expr GE expr
    (58) expr -> . expr PLUS expr
    (59) expr -> . expr MINUS expr
    (60) expr -> . expr STAR expr
    (61) expr -> . expr DIVIDE expr
    (62) expr -> . expr PERCENT expr
    (63) expr -> . expr POWER expr
    (64) expr -> . MINUS expr
    (65) expr -> . LPAREN expr RPAREN
    (66) expr -> . INT
    (67) expr -> . FLOAT
    (68) expr -> . PI
    (69) expr -> . IDENT
    (70) expr -> . SIN LPAREN arg_list RPAREN
    (71) expr -> . COS LPAREN arg_list RPAREN
    (72) expr -> . TAN LPAREN arg_list RPAREN
    (73) expr -> . EXP LPAREN arg_list RPAREN
    (74) expr -> . LOG LPAREN arg_list RPAREN
    (75) expr -> . SQRT LPAREN arg_list RPAREN
    (76) expr -> . ABS LPAREN arg_list RPAREN
    (77) expr -> . ASIN LPAREN arg_list RPAREN
    (78) expr -> . ACOS LPAREN arg_list RPAREN
    (79) expr -> . ATAN LPAREN arg_list RPAREN
    (80) expr -> . IDENT LPAREN arg_list RPAREN

    RPAREN          reduce using rule 85 (empty -> .)
    MINUS           shift and go to state 60
    LPAREN          shift and go to state 55
    INT             shift and go to state 61
    FLOAT           shift and go to state 62
    PI              shift and go to state 63
    IDENT           shift and go to state 54
    SIN             shift and go to state 64
    COS             shift and go to state 65
    TAN             shift and go to state 66
    EXP             shift and go to state 67
    LOG             shift and go to state 68
    SQRT            shift and go to state 69
    ABS             shift and go to state 70
    ASIN            shift and go to state 71
    ACOS            shift and go to state 72
    ATAN            shift and go to state 73

    arg_list                       shift and go to state 56
    expr_list                      shift and go to state 57
    empty                          shift and go to state 58
    expr                           shift and go to state 59

state 39

    (43) measure_stmt -> MEASURE target_list ARROW . target_list SEMICOLON
    (24) target_list -> . single_target target_tail
    (27) single_target -> . qubit
    (28) single_target -> . select_expr
    (29) single_target -> . all_from
    (33) qubit -> . IDENT
    (34) qubit -> . IDENT LBRACKET qubit_index RBRACKET
    (32) select_expr -> . SELECT IDENT FROM IDENT where_clause
    (30) all_from -> . ALL FROM IDENT
    (31) all_from -> . ALL FROM IDENT WHERE expr

    IDENT           shift and go to state 28
    SELECT          shift and go to state 29
    ALL             shift and go to state 30

    target_list                    shift and go to state 74
    single_target                  shift and go to state 24
    qubit                          shift and go to state 25
    select_expr                    shift and go to state 26
    all_from                       shift and go to state 27

state 40

    (44) measure_stmt -> MEASURE target_list SEMICOLON .

    CREATE          reduce using rule 44 (measure_stmt -> MEASURE target_list SEMICOLON .)
    APPLY           reduce using rule 44 (measure_stmt -> MEASURE target_list SEMICOLON .)
    MEASURE         reduce using rule 44 (measure_stmt -> MEASURE target_list SEMICOLON .)
    SELECT          reduce using rule 44 (measure_stmt -> MEASURE target_list SEMICOLON .)
    GATE            reduce using rule 44 (measure_stmt -> MEASURE target_list SEMICOLON .)
    INPUT           reduce using rule 44 (measure_stmt -> MEASURE target_list SEMICOLON .)
    CONST           reduce using rule 44 (measure_stmt -> MEASURE target_list SEMICOLON .)
    $end            reduce using rule 44 (measure_stmt -> MEASURE target_list SEMICOLON .)
    RBRACE          reduce using rule 44 (measure_stmt -> MEASURE target_list SEMICOLON .)


state 41

    (24) target_list -> single_target target_tail .

    ARROW           reduce using rule 24 (target_list -> single_target target_tail .)
    SEMICOLON       reduce using rule 24 (target_list -> single_target target_tail .)


state 42

    (25) target_tail -> COMMA . single_target target_tail
    (27) single_target -> . qubit
    (28) single_target -> . select_expr
    (29) single_target -> . all_from
    (33) qubit -> . IDENT
    (34) qubit -> . IDENT LBRACKET qubit_index RBRACKET
    (32) select_expr -> . SELECT IDENT FROM IDENT where_clause
    (30) all_from -> . ALL FROM IDENT
    (31) all_from -> . ALL FROM IDENT WHERE expr

    IDENT           shift and go to state 28
    SELECT          shift and go to state 29
    ALL             shift and go to state 30

    single_target                  shift and go to state 75
    qubit                          shift and go to state 25
    select_expr                    shift and go to state 26
    all_from                       shift and go to state 27

state 43

    (26) target_tail -> empty .

    ARROW           reduce using rule 26 (target_tail -> empty .)
    SEMICOLON       reduce using rule 26 (target_tail -> empty .)


state 44

    (34) qubit -> IDENT LBRACKET . qubit_index RBRACKET
    (35) qubit_index -> . INT
    (36) qubit_index -> . STAR
    (37) qubit_index -> . INT COLON INT
    (38) qubit_index -> . MINUS INT
    (39) qubit_index -> . MINUS INT COLON INT
    (40) qubit_index -> . MINUS INT COLON MINUS INT
    (41) qubit_index -> . IDENT
    (42) qubit_index -> . MINUS IDENT

    INT             shift and go to state 78
    STAR            shift and go to state 79
    MINUS           shift and go to state 80
    IDENT           shift and go to state 76

    qubit_index                    shift and go to state 77

state 45

    (32) select_expr -> SELECT IDENT . FROM IDENT where_clause

    FROM            shift and go to state 81


state 46

    (30) all_from -> ALL FROM . IDENT
    (31) all_from -> ALL FROM . IDENT WHERE expr

    IDENT           shift and go to state 82


state 47

    (21) select_stmt -> SELECT IDENT FROM . IDENT where_clause SEMICOLON

    IDENT           shift and go to state 83


state 48

    (45) gate_def -> GATE IDENT LPAREN . param_list RPAREN LBRACE statement_list RBRACE
    (46) param_list -> . param_tail
    (47) param_list -> . empty
    (48) param_tail -> . IDENT
    (49) param_tail -> . IDENT COMMA param_tail
    (85) empty -> .

    IDENT           shift and go to state 84
    RPAREN          reduce using rule 85 (empty -> .)

    param_list                     shift and go to state 85
    param_tail                     shift and go to state 86
    empty                          shift and go to state 87

state 49

    (20) input_stmt -> INPUT IDENT SEMICOLON .

    CREATE          reduce using rule 20 (input_stmt -> INPUT IDENT SEMICOLON .)
    APPLY           reduce using rule 20 (input_stmt -> INPUT IDENT SEMICOLON .)
    MEASURE         reduce using rule 20 (input_stmt -> INPUT IDENT SEMICOLON .)
    SELECT          reduce using rule 20 (input_stmt -> INPUT IDENT SEMICOLON .)
    GATE            reduce using rule 20 (input_stmt -> INPUT IDENT SEMICOLON .)
    INPUT           reduce using rule 20 (input_stmt -> INPUT IDENT SEMICOLON .)
    CONST           reduce using rule 20 (input_stmt -> INPUT IDENT SEMICOLON .)
    $end            reduce using rule 20 (input_stmt -> INPUT IDENT SEMICOLON .)
    RBRACE          reduce using rule 20 (input_stmt -> INPUT IDENT SEMICOLON .)


state 50

    (11) const_decl -> CONST IDENT ASSIGN . expr SEMICOLON
    (50) expr -> . expr AND expr
    (51) expr -> . expr OR expr
    (52) expr -> . expr EQEQ expr
    (53) expr -> . expr NE expr
    (54) expr -> . expr LT expr
    (55) expr -> . expr GT expr
    (56) expr -> . expr LE expr
    (57) expr -> . expr GE expr
    (58) expr -> . expr PLUS expr
    (59) expr -> . expr MINUS expr
    (60) expr -> . expr STAR expr
    (61) expr -> . expr DIVIDE expr
    (62) expr -> . expr PERCENT expr
    (63) expr -> . expr POWER expr
    (64) expr -> . MINUS expr
    (65) expr -> . LPAREN expr RPAREN
    (66) expr -> . INT
    (67) expr -> . FLOAT
    (68) expr -> . PI
    (69) expr -> . IDENT
    (70) expr -> . SIN LPAREN arg_list RPAREN
    (71) expr -> . COS LPAREN arg_list RPAREN
    (72) expr -> . TAN LPAREN arg_list RPAREN
    (73) expr -> . EXP LPAREN arg_list RPAREN
    (74) expr -> . LOG LPAREN arg_list RPAREN
    (75) expr -> . SQRT LPAREN arg_list RPAREN
    (76) expr -> . ABS LPAREN arg_list RPAREN
    (77) expr -> . ASIN LPAREN arg_list RPAREN
    (78) expr -> . ACOS LPAREN arg_list RPAREN
    (79) expr -> . ATAN LPAREN arg_list RPAREN
    (80) expr -> . IDENT LPAREN arg_list RPAREN

    MINUS           shift and go to state 60
    LPAREN          shift and go to state 55
    INT             shift and go to state 61
    FLOAT           shift and go to state 62
    PI              shift and go to state 63
    IDENT           shift and go to state 54
    SIN             shift and go to state 64
    COS             shift and go to state 65
    TAN             shift and go to state 66
    EXP             shift and go to state 67
    LOG             shift and go to state 68
    SQRT            shift and go to state 69
    ABS             shift and go to state 70
    ASIN            shift and go to state 71
    ACOS            shift and go to state 72
    ATAN            shift and go to state 73

    expr                           shift and go to state 88

state 51

    (12) create_stmt -> CREATE QUBITS IDENT LBRACKET . size_expr RBRACKET SEMICOLON
    (14) size_expr -> . INT
    (15) size_expr -> . IDENT
    (16) size_expr -> . MINUS INT

    INT             shift and go to state 91
    IDENT           shift and go to state 89
    MINUS           shift and go to state 92

    size_expr                      shift and go to state 90

state 52

    (13) create_stmt -> CREATE BITS IDENT LBRACKET . size_expr RBRACKET SEMICOLON
    (14) size_expr -> . INT
    (15) size_expr -> . IDENT
    (16) size_expr -> . MINUS INT

    INT             shift and go to state 91
    IDENT           shift and go to state 89
    MINUS           shift and go to state 92

    size_expr                      shift and go to state 93

state 53

    (17) apply_stmt -> APPLY gate_call ON target_list . SEMICOLON

    SEMICOLON       shift and go to state 94


state 54

    (69) expr -> IDENT .
    (80) expr -> IDENT . LPAREN arg_list RPAREN

    COMMA           reduce using rule 69 (expr -> IDENT .)
    AND             reduce using rule 69 (expr -> IDENT .)
    OR              reduce using rule 69 (expr -> IDENT .)
    EQEQ            reduce using rule 69 (expr -> IDENT .)
    NE              reduce using rule 69 (expr -> IDENT .)
    LT              reduce using rule 69 (expr -> IDENT .)
    GT              reduce using rule 69 (expr -> IDENT .)
    LE              reduce using rule 69 (expr -> IDENT .)
    GE              reduce using rule 69 (expr -> IDENT .)
    PLUS            reduce using rule 69 (expr -> IDENT .)
    MINUS           reduce using rule 69 (expr -> IDENT .)
    STAR            reduce using rule 69 (expr -> IDENT .)
    DIVIDE          reduce using rule 69 (expr -> IDENT .)
    PERCENT         reduce using rule 69 (expr -> IDENT .)
    POWER           reduce using rule 69 (expr -> IDENT .)
    RPAREN          reduce using rule 69 (expr -> IDENT .)
    SEMICOLON       reduce using rule 69 (expr -> IDENT .)
    ARROW           reduce using rule 69 (expr -> IDENT .)
    LPAREN          shift and go to state 95


state 55

    (65) expr -> LPAREN . expr RPAREN
    (50) expr -> . expr AND expr
    (51) expr -> . expr OR expr
    (52) expr -> . expr EQEQ expr
    (53) expr -> . expr NE expr
    (54) expr -> . expr LT expr
    (55) expr -> . expr GT expr
    (56) expr -> . expr LE expr
    (57) expr -> . expr GE expr
    (58) expr -> . expr PLUS expr
    (59) expr -> . expr MINUS expr
    (60) expr -> . expr STAR expr
    (61) expr -> . expr DIVIDE expr
    (62) expr -> . expr PERCENT expr
    (63) expr -> . expr POWER expr
    (64) expr -> . MINUS expr
    (65) expr -> . LPAREN expr RPAREN
    (66) expr -> . INT
    (67) expr -> . FLOAT
    (68) expr -> . PI
    (69) expr -> . IDENT
    (70) expr -> . SIN LPAREN arg_list RPAREN
    (71) expr -> . COS LPAREN arg_list RPAREN
    (72) expr -> . TAN LPAREN arg_list RPAREN
    (73) expr -> . EXP LPAREN arg_list RPAREN
    (74) expr -> . LOG LPAREN arg_list RPAREN
    (75) expr -> . SQRT LPAREN arg_list RPAREN
    (76) expr -> . ABS LPAREN arg_list RPAREN
    (77) expr -> . ASIN LPAREN arg_list RPAREN
    (78) expr -> . ACOS LPAREN arg_list RPAREN
    (79) expr -> . ATAN LPAREN arg_list RPAREN
    (80) expr -> . IDENT LPAREN arg_list RPAREN

    MINUS           shift and go to state 60
    LPAREN          shift and go to state 55
    INT             shift and go to state 61
    FLOAT           shift and go to state 62
    PI              shift and go to state 63
    IDENT           shift and go to state 54
    SIN             shift and go to state 64
    COS             shift and go to state 65
    TAN             shift and go to state 66
    EXP             shift and go to state 67
    LOG             shift and go to state 68
    SQRT            shift and go to state 69
    ABS             shift and go to state 70
    ASIN            shift and go to state 71
    ACOS            shift and go to state 72
    ATAN            shift and go to state 73

    expr                           shift and go to state 96

state 56

    (19) gate_call -> IDENT LPAREN arg_list . RPAREN

    RPAREN          shift and go to state 97


state 57

    (81) arg_list -> expr_list .

    RPAREN          reduce using rule 81 (arg_list -> expr_list .)


state 58

    (82) arg_list -> empty .

    RPAREN          reduce using rule 82 (arg_list -> empty .)


state 59

    (83) expr_list -> expr .
    (84) expr_list -> expr . COMMA expr_list
    (50) expr -> expr . AND expr
    (51) expr -> expr . OR expr
    (52) expr -> expr . EQEQ expr
    (53) expr -> expr . NE expr
    (54) expr -> expr . LT expr
    (55) expr -> expr . GT expr
    (56) expr -> expr . LE expr
    (57) expr -> expr . GE expr
    (58) expr -> expr . PLUS expr
    (59) expr -> expr . MINUS expr
    (60) expr -> expr . STAR expr
    (61) expr -> expr . DIVIDE expr
    (62) expr -> expr . PERCENT expr
    (63) expr -> expr . POWER expr

    RPAREN          reduce using rule 83 (expr_list -> expr .)
    COMMA           shift and go to state 98
    AND             shift and go to state 99
    OR              shift and go to state 100
    EQEQ            shift and go to state 101
    NE              shift and go to state 102
    LT              shift and go to state 103
    GT              shift and go to state 104
    LE              shift and go to state 105
    GE              shift and go to state 106
    PLUS            shift and go to state 107
    MINUS           shift and go to state 108
    STAR            shift and go to state 109
    DIVIDE          shift and go to state 110
    PERCENT         shift and go to state 111
    POWER           shift and go to state 112


state 60

    (64) expr -> MINUS . expr
    (50) expr -> . expr AND expr
    (51) expr -> . expr OR expr
    (52) expr -> . expr EQEQ expr
    (53) expr -> . expr NE expr
    (54) expr -> . expr LT expr
    (55) expr -> . expr GT expr
    (56) expr -> . expr LE expr
    (57) expr -> . expr GE expr
    (58) expr -> . expr PLUS expr
    (59) expr -> . expr MINUS expr
    (60) expr -> . expr STAR expr
    (61) expr -> . expr DIVIDE expr
    (62) expr -> . expr PERCENT expr
    (63) expr -> . expr POWER expr
    (64) expr -> . MINUS expr
    (65) expr -> . LPAREN expr RPAREN
    (66) expr -> . INT
    (67) expr -> . FLOAT
    (68) expr -> . PI
    (69) expr -> . IDENT
    (70) expr -> . SIN LPAREN arg_list RPAREN
    (71) expr -> . COS LPAREN arg_list RPAREN
    (72) expr -> . TAN LPAREN arg_list RPAREN
    (73) expr -> . EXP LPAREN arg_list RPAREN
    (74) expr -> . LOG LPAREN arg_list RPAREN
    (75) expr -> . SQRT LPAREN arg_list RPAREN
    (76) expr -> . ABS LPAREN arg_list RPAREN
    (77) expr -> . ASIN LPAREN arg_list RPAREN
    (78) expr -> . ACOS LPAREN arg_list RPAREN
    (79) expr -> . ATAN LPAREN arg_list RPAREN
    (80) expr -> . IDENT LPAREN arg_list RPAREN

    MINUS           shift and go to state 60
    LPAREN          shift and go to state 55
    INT             shift and go to state 61
    FLOAT           shift and go to state 62
    PI              shift and go to state 63
    IDENT           shift and go to state 54
    SIN             shift and go to state 64
    COS             shift and go to state 65
    TAN             shift and go to state 66
    EXP             shift and go to state 67
    LOG             shift and go to state 68
    SQRT            shift and go to state 69
    ABS             shift and go to state 70
    ASIN            shift and go to state 71
    ACOS            shift and go to state 72
    ATAN            shift and go to state 73

    expr                           shift and go to state 113

state 61

    (66) expr -> INT .

    COMMA           reduce using rule 66 (expr -> INT .)
    AND             reduce using rule 66 (expr -> INT .)
    OR              reduce using rule 66 (expr -> INT .)
    EQEQ            reduce using rule 66 (expr -> INT .)
    NE              reduce using rule 66 (expr -> INT .)
    LT              reduce using rule 66 (expr -> INT .)
    GT              reduce using rule 66 (expr -> INT .)
    LE              reduce using rule 66 (expr -> INT .)
    GE              reduce using rule 66 (expr -> INT .)
    PLUS            reduce using rule 66 (expr -> INT .)
    MINUS           reduce using rule 66 (expr -> INT .)
    STAR            reduce using rule 66 (expr -> INT .)
    DIVIDE          reduce using rule 66 (expr -> INT .)
    PERCENT         reduce using rule 66 (expr -> INT .)
    POWER           reduce using rule 66 (expr -> INT .)
    RPAREN          reduce using rule 66 (expr -> INT .)
    SEMICOLON       reduce using rule 66 (expr -> INT .)
    ARROW           reduce using rule 66 (expr -> INT .)


state 62

    (67) expr -> FLOAT .

    COMMA           reduce using rule 67 (expr -> FLOAT .)
    AND             reduce using rule 67 (expr -> FLOAT .)
    OR              reduce using rule 67 (expr -> FLOAT .)
    EQEQ            reduce using rule 67 (expr -> FLOAT .)
    NE              reduce using rule 67 (expr -> FLOAT .)
    LT              reduce using rule 67 (expr -> FLOAT .)
    GT              reduce using rule 67 (expr -> FLOAT .)
    LE              reduce using rule 67 (expr -> FLOAT .)
    GE              reduce using rule 67 (expr -> FLOAT .)
    PLUS            reduce using rule 67 (expr -> FLOAT .)
    MINUS           reduce using rule 67 (expr -> FLOAT .)
    STAR            reduce using rule 67 (expr -> FLOAT .)
    DIVIDE          reduce using rule 67 (expr -> FLOAT .)
    PERCENT         reduce using rule 67 (expr -> FLOAT .)
    POWER           reduce using rule 67 (expr -> FLOAT .)
    RPAREN          reduce using rule 67 (expr -> FLOAT .)
    SEMICOLON       reduce using rule 67 (expr -> FLOAT .)
    ARROW           reduce using rule 67 (expr -> FLOAT .)


state 63

    (68) expr -> PI .

    COMMA           reduce using rule 68 (expr -> PI .)
    AND             reduce using rule 68 (expr -> PI .)
    OR              reduce using rule 68 (expr -> PI .)
    EQEQ            reduce using rule 68 (expr -> PI .)
    NE              reduce using rule 68 (expr -> PI .)
    LT              reduce using rule 68 (expr -> PI .)
    GT              reduce using rule 68 (expr -> PI .)
    LE              reduce using rule 68 (expr -> PI .)
    GE              reduce using rule 68 (expr -> PI .)
    PLUS            reduce using rule 68 (expr -> PI .)
    MINUS           reduce using rule 68 (expr -> PI .)
    STAR            reduce using rule 68 (expr -> PI .)
    DIVIDE          reduce using rule 68 (expr -> PI .)
    PERCENT         reduce using rule 68 (expr -> PI .)
    POWER           reduce using rule 68 (expr -> PI .)
    RPAREN          reduce using rule 68 (expr -> PI .)
    SEMICOLON       reduce using rule 68 (expr -> PI .)
    ARROW           reduce using rule 68 (expr -> PI .)


state 64

    (70) expr -> SIN . LPAREN arg_list RPAREN

    LPAREN          shift and go to state 114


state 65

    (71) expr -> COS . LPAREN arg_list RPAREN

    LPAREN          shift and go to state 115


state 66

    (72) expr -> TAN . LPAREN arg_list RPAREN

    LPAREN          shift and go to state 116


state 67

    (73) expr -> EXP . LPAREN arg_list RPAREN

    LPAREN          shift and go to state 117


state 68

    (74) expr -> LOG . LPAREN arg_list RPAREN

    LPAREN          shift and go to state 118


state 69

    (75) expr -> SQRT . LPAREN arg_list RPAREN

    LPAREN          shift and go to state 119


state 70

    (76) expr -> ABS . LPAREN arg_list RPAREN

    LPAREN          shift and go to state 120


state 71

    (77) expr -> ASIN . LPAREN arg_list RPAREN

    LPAREN          shift and go to state 121


state 72

    (78) expr -> ACOS . LPAREN arg_list RPAREN

    LPAREN          shift and go to state 122


state 73

    (79) expr -> ATAN . LPAREN arg_list RPAREN

    LPAREN          shift and go to state 123


state 74

    (43) measure_stmt -> MEASURE target_list ARROW target_list . SEMICOLON

    SEMICOLON       shift and go to state 124


state 75

    (25) target_tail -> COMMA single_target . target_tail
    (25) target_tail -> . COMMA single_target target_tail
    (26) target_tail -> . empty
    (85) empty -> .

    COMMA           shift and go to state 42
    ARROW           reduce using rule 85 (empty -> .)
    SEMICOLON       reduce using rule 85 (empty -> .)

    target_tail                    shift and go to state 125
    empty                          shift and go to state 43

state 76

    (41) qubit_index -> IDENT .

    RBRACKET        reduce using rule 41 (qubit_index -> IDENT .)


state 77

    (34) qubit -> IDENT LBRACKET qubit_index . RBRACKET

    RBRACKET        shift and go to state 126


state 78

    (35) qubit_index -> INT .
    (37) qubit_index -> INT . COLON INT

    RBRACKET        reduce using rule 35 (qubit_index -> INT .)
    COLON           shift and go to state 127


state 79

    (36) qubit_index -> STAR .

    RBRACKET        reduce using rule 36 (qubit_index -> STAR .)


state 80

    (38) qubit_index -> MINUS . INT
    (39) qubit_index -> MINUS . INT COLON INT
    (40) qubit_index -> MINUS . INT COLON MINUS INT
    (42) qubit_index -> MINUS . IDENT

    INT             shift and go to state 128
    IDENT           shift and go to state 129


state 81

    (32) select_expr -> SELECT IDENT FROM . IDENT where_clause

    IDENT           shift and go to state 130


state 82

    (30) all_from -> ALL FROM IDENT .
    (31) all_from -> ALL FROM IDENT . WHERE expr

    COMMA           reduce using rule 30 (all_from -> ALL FROM IDENT .)
    ARROW           reduce using rule 30 (all_from -> ALL FROM IDENT .)
    SEMICOLON       reduce using rule 30 (all_from -> ALL FROM IDENT .)
    WHERE           shift and go to state 131


state 83

    (21) select_stmt -> SELECT IDENT FROM IDENT . where_clause SEMICOLON
    (22) where_clause -> . WHERE expr
    (23) where_clause -> . empty
    (85) empty -> .

    WHERE           shift and go to state 133
    SEMICOLON       reduce using rule 85 (empty -> .)

    where_clause                   shift and go to state 132
    empty                          shift and go to state 134

state 84

    (48) param_tail -> IDENT .
    (49) param_tail -> IDENT . COMMA param_tail

    RPAREN          reduce using rule 48 (param_tail -> IDENT .)
    COMMA           shift and go to state 135


state 85

    (45) gate_def -> GATE IDENT LPAREN param_list . RPAREN LBRACE statement_list RBRACE

    RPAREN          shift and go to state 136


state 86

    (46) param_list -> param_tail .

    RPAREN          reduce using rule 46 (param_list -> param_tail .)


state 87

    (47) param_list -> empty .

    RPAREN          reduce using rule 47 (param_list -> empty .)


state 88

    (11) const_decl -> CONST IDENT ASSIGN expr . SEMICOLON
    (50) expr -> expr . AND expr
    (51) expr -> expr . OR expr
    (52) expr -> expr . EQEQ expr
    (53) expr -> expr . NE expr
    (54) expr -> expr . LT expr
    (55) expr -> expr . GT expr
    (56) expr -> expr . LE expr
    (57) expr -> expr . GE expr
    (58) expr -> expr . PLUS expr
    (59) expr -> expr . MINUS expr
    (60) expr -> expr . STAR expr
    (61) expr -> expr . DIVIDE expr
    (62) expr -> expr . PERCENT expr
    (63) expr -> expr . POWER expr

    SEMICOLON       shift and go to state 137
    AND             shift and go to state 99
    OR              shift and go to state 100
    EQEQ            shift and go to state 101
    NE              shift and go to state 102
    LT              shift and go to state 103
    GT              shift and go to state 104
    LE              shift and go to state 105
    GE              shift and go to state 106
    PLUS            shift and go to state 107
    MINUS           shift and go to state 108
    STAR            shift and go to state 109
    DIVIDE          shift and go to state 110
    PERCENT         shift and go to state 111
    POWER           shift and go to state 112


state 89

    (15) size_expr -> IDENT .

    RBRACKET        reduce using rule 15 (size_expr -> IDENT .)


state 90

    (12) create_stmt -> CREATE QUBITS IDENT LBRACKET size_expr . RBRACKET SEMICOLON

    RBRACKET        shift and go to state 138


state 91

    (14) size_expr -> INT .

    RBRACKET        reduce using rule 14 (size_expr -> INT .)


state 92

    (16) size_expr -> MINUS . INT

    INT             shift and go to state 139


state 93

    (13) create_stmt -> CREATE BITS IDENT LBRACKET size_expr . RBRACKET SEMICOLON

    RBRACKET        shift and go to state 140


state 94

    (17) apply_stmt -> APPLY gate_call ON target_list SEMICOLON .

    CREATE          reduce using rule 17 (apply_stmt -> APPLY gate_call ON target_list SEMICOLON .)
    APPLY           reduce using rule 17 (apply_stmt -> APPLY gate_call ON target_list SEMICOLON .)
    MEASURE         reduce using rule 17 (apply_stmt -> APPLY gate_call ON target_list SEMICOLON .)
    SELECT          reduce using rule 17 (apply_stmt -> APPLY gate_call ON target_list SEMICOLON .)
    GATE            reduce using rule 17 (apply_stmt -> APPLY gate_call ON target_list SEMICOLON .)
    INPUT           reduce using rule 17 (apply_stmt -> APPLY gate_call ON target_list SEMICOLON .)
    CONST           reduce using rule 17 (apply_stmt -> APPLY gate_call ON target_list SEMICOLON .)
    $end            reduce using rule 17 (apply_stmt -> APPLY gate_call ON target_list SEMICOLON .)
    RBRACE          reduce using rule 17 (apply_stmt -> APPLY gate_call ON target_list SEMICOLON .)


state 95

    (80) expr -> IDENT LPAREN . arg_list RPAREN
    (81) arg_list -> . expr_list
    (82) arg_list -> . empty
    (83) expr_list -> . expr
    (84) expr_list -> . expr COMMA expr_list
    (85) empty -> .
    (50) expr -> . expr AND expr
    (51) expr -> . expr OR expr
    (52) expr -> . expr EQEQ expr
    (53) expr -> . expr NE expr
    (54) expr -> . expr LT expr
    (55) expr -> . expr GT expr
    (56) expr -> . expr LE expr
    (57) expr -> . expr GE expr
    (58) expr -> . expr PLUS expr
    (59) expr -> . expr MINUS expr
    (60) expr -> . expr STAR expr
    (61) expr -> . expr DIVIDE expr
    (62) expr -> . expr PERCENT expr
    (63) expr -> . expr POWER expr
    (64) expr -> . MINUS expr
    (65) expr -> . LPAREN expr RPAREN
    (66) expr -> . INT
    (67) expr -> . FLOAT
    (68) expr -> . PI
    (69) expr -> . IDENT
    (70) expr -> . SIN LPAREN arg_list RPAREN
    (71) expr -> . COS LPAREN arg_list RPAREN
    (72) expr -> . TAN LPAREN arg_list RPAREN
    (73) expr -> . EXP LPAREN arg_list RPAREN
    (74) expr -> . LOG LPAREN arg_list RPAREN
    (75) expr -> . SQRT LPAREN arg_list RPAREN
    (76) expr -> . ABS LPAREN arg_list RPAREN
    (77) expr -> . ASIN LPAREN arg_list RPAREN
    (78) expr -> . ACOS LPAREN arg_list RPAREN
    (79) expr -> . ATAN LPAREN arg_list RPAREN
    (80) expr -> . IDENT LPAREN arg_list RPAREN

    RPAREN          reduce using rule 85 (empty -> .)
    MINUS           shift and go to state 60
    LPAREN          shift and go to state 55
    INT             shift and go to state 61
    FLOAT           shift and go to state 62
    PI              shift and go to state 63
    IDENT           shift and go to state 54
    SIN             shift and go to state 64
    COS             shift and go to state 65
    TAN             shift and go to state 66
    EXP             shift and go to state 67
    LOG             shift and go to state 68
    SQRT            shift and go to state 69
    ABS             shift and go to state 70
    ASIN            shift and go to state 71
    ACOS            shift and go to state 72
    ATAN            shift and go to state 73

    arg_list                       shift and go to state 141
    expr_list                      shift and go to state 57
    empty                          shift and go to state 58
    expr                           shift and go to state 59

state 96

    (65) expr -> LPAREN expr . RPAREN
    (50) expr -> expr . AND expr
    (51) expr -> expr . OR expr
    (52) expr -> expr . EQEQ expr
    (53) expr -> expr . NE expr
    (54) expr -> expr . LT expr
    (55) expr -> expr . GT expr
    (56) expr -> expr . LE expr
    (57) expr -> expr . GE expr
    (58) expr -> expr . PLUS expr
    (59) expr -> expr . MINUS expr
    (60) expr -> expr . STAR expr
    (61) expr -> expr . DIVIDE expr
    (62) expr -> expr . PERCENT expr
    (63) expr -> expr . POWER expr

    RPAREN          shift and go to state 142
    AND             shift and go to state 99
    OR              shift and go to state 100
    EQEQ            shift and go to state 101
    NE              shift and go to state 102
    LT              shift and go to state 103
    GT              shift and go to state 104
    LE              shift and go to state 105
    GE              shift and go to state 106
    PLUS            shift and go to state 107
    MINUS           shift and go to state 108
    STAR            shift and go to state 109
    DIVIDE          shift and go to state 110
    PERCENT         shift and go to state 111
    POWER           shift and go to state 112


state 97

    (19) gate_call -> IDENT LPAREN arg_list RPAREN .

    ON              reduce using rule 19 (gate_call -> IDENT LPAREN arg_list RPAREN .)


state 98

    (84) expr_list -> expr COMMA . expr_list
    (83) expr_list -> . expr
    (84) expr_list -> . expr COMMA expr_list
    (50) expr -> . expr AND expr
    (51) expr -> . expr OR expr
    (52) expr -> . expr EQEQ expr
    (53) expr -> . expr NE expr
    (54) expr -> . expr LT expr
    (55) expr -> . expr GT expr
    (56) expr -> . expr LE expr
    (57) expr -> . expr GE expr
    (58) expr -> . expr PLUS expr
    (59) expr -> . expr MINUS expr
    (60) expr -> . expr STAR expr
    (61) expr -> . expr DIVIDE expr
    (62) expr -> . expr PERCENT expr
    (63) expr -> . expr POWER expr
    (64) expr -> . MINUS expr
    (65) expr -> . LPAREN expr RPAREN
    (66) expr -> . INT
    (67) expr -> . FLOAT
    (68) expr -> . PI
    (69) expr -> . IDENT
    (70) expr -> . SIN LPAREN arg_list RPAREN
    (71) expr -> . COS LPAREN arg_list RPAREN
    (72) expr -> . TAN LPAREN arg_list RPAREN
    (73) expr -> . EXP LPAREN arg_list RPAREN
    (74) expr -> . LOG LPAREN arg_list RPAREN
    (75) expr -> . SQRT LPAREN arg_list RPAREN
    (76) expr -> . ABS LPAREN arg_list RPAREN
    (77) expr -> . ASIN LPAREN arg_list RPAREN
    (78) expr -> . ACOS LPAREN arg_list RPAREN
    (79) expr -> . ATAN LPAREN arg_list RPAREN
    (80) expr -> . IDENT LPAREN arg_list RPAREN

    MINUS           shift and go to state 60
    LPAREN          shift and go to state 55
    INT             shift and go to state 61
    FLOAT           shift and go to state 62
    PI              shift and go to state 63
    IDENT           shift and go to state 54
    SIN             shift and go to state 64
    COS             shift and go to state 65
    TAN             shift and go to state 66
    EXP             shift and go to state 67
    LOG             shift and go to state 68
    SQRT            shift and go to state 69
    ABS             shift and go to state 70
    ASIN            shift and go to state 71
    ACOS            shift and go to state 72
    ATAN            shift and go to state 73

    expr                           shift and go to state 59
    expr_list                      shift and go to state 143

state 99

    (50) expr -> expr AND . expr
    (50) expr -> . expr AND expr
    (51) expr -> . expr OR expr
    (52) expr -> . expr EQEQ expr
    (53) expr -> . expr NE expr
    (54) expr -> . expr LT expr
    (55) expr -> . expr GT expr
    (56) expr -> . expr LE expr
    (57) expr -> . expr GE expr
    (58) expr -> . expr PLUS expr
    (59) expr -> . expr MINUS expr
    (60) expr -> . expr STAR expr
    (61) expr -> . expr DIVIDE expr
    (62) expr -> . expr PERCENT expr
    (63) expr -> . expr POWER expr
    (64) expr -> . MINUS expr
    (65) expr -> . LPAREN expr RPAREN
    (66) expr -> . INT
    (67) expr -> . FLOAT
    (68) expr -> . PI
    (69) expr -> . IDENT
    (70) expr -> . SIN LPAREN arg_list RPAREN
    (71) expr -> . COS LPAREN arg_list RPAREN
    (72) expr -> . TAN LPAREN arg_list RPAREN
    (73) expr -> . EXP LPAREN arg_list RPAREN
    (74) expr -> . LOG LPAREN arg_list RPAREN
    (75) expr -> . SQRT LPAREN arg_list RPAREN
    (76) expr -> . ABS LPAREN arg_list RPAREN
    (77) expr -> . ASIN LPAREN arg_list RPAREN
    (78) expr -> . ACOS LPAREN arg_list RPAREN
    (79) expr -> . ATAN LPAREN arg_list RPAREN
    (80) expr -> . IDENT LPAREN arg_list RPAREN

    MINUS           shift and go to state 60
    LPAREN          shift and go to state 55
    INT             shift and go to state 61
    FLOAT           shift and go to state 62
    PI              shift and go to state 63
    IDENT           shift and go to state 54
    SIN             shift and go to state 64
    COS             shift and go to state 65
    TAN             shift and go to state 66
    EXP             shift and go to state 67
    LOG             shift and go to state 68
    SQRT            shift and go to state 69
    ABS             shift and go to state 70
    ASIN            shift and go to state 71
    ACOS            shift and go to state 72
    ATAN            shift and go to state 73

    expr                           shift and go to state 144

state 100

    (51) expr -> expr OR . expr
    (50) expr -> . expr AND expr
    (51) expr -> . expr OR expr
    (52) expr -> . expr EQEQ expr
    (53) expr -> . expr NE expr
    (54) expr -> . expr LT expr
    (55) expr -> . expr GT expr
    (56) expr -> . expr LE expr
    (57) expr -> . expr GE expr
    (58) expr -> . expr PLUS expr
    (59) expr -> . expr MINUS expr
    (60) expr -> . expr STAR expr
    (61) expr -> . expr DIVIDE expr
    (62) expr -> . expr PERCENT expr
    (63) expr -> . expr POWER expr
    (64) expr -> . MINUS expr
    (65) expr -> . LPAREN expr RPAREN
    (66) expr -> . INT
    (67) expr -> . FLOAT
    (68) expr -> . PI
    (69) expr -> . IDENT
    (70) expr -> . SIN LPAREN arg_list RPAREN
    (71) expr -> . COS LPAREN arg_list RPAREN
    (72) expr -> . TAN LPAREN arg_list RPAREN
    (73) expr -> . EXP LPAREN arg_list RPAREN
    (74) expr -> . LOG LPAREN arg_list RPAREN
    (75) expr -> . SQRT LPAREN arg_list RPAREN
    (76) expr -> . ABS LPAREN arg_list RPAREN
    (77) expr -> . ASIN LPAREN arg_list RPAREN
    (78) expr -> . ACOS LPAREN arg_list RPAREN
    (79) expr -> . ATAN LPAREN arg_list RPAREN
    (80) expr -> . IDENT LPAREN arg_list RPAREN

    MINUS           shift and go to state 60
    LPAREN          shift and go to state 55
    INT             shift and go to state 61
    FLOAT           shift and go to state 62
    PI              shift and go to state 63
    IDENT           shift and go to state 54
    SIN             shift and go to state 64
    COS             shift and go to state 65
    TAN             shift and go to state 66
    EXP             shift and go to state 67
    LOG             shift and go to state 68
    SQRT            shift and go to state 69
    ABS             shift and go to state 70
    ASIN            shift and go to state 71
    ACOS            shift and go to state 72
    ATAN            shift and go to state 73

    expr                           shift and go to state 145

state 101

    (52) expr -> expr EQEQ . expr
    (50) expr -> . expr AND expr
    (51) expr -> . expr OR expr
    (52) expr -> . expr EQEQ expr
    (53) expr -> . expr NE expr
    (54) expr -> . expr LT expr
    (55) expr -> . expr GT expr
    (56) expr -> . expr LE expr
    (57) expr -> . expr GE expr
    (58) expr -> . expr PLUS expr
    (59) expr -> . expr MINUS expr
    (60) expr -> . expr STAR expr
    (61) expr -> . expr DIVIDE expr
    (62) expr -> . expr PERCENT expr
    (63) expr -> . expr POWER expr
    (64) expr -> . MINUS expr
    (65) expr -> . LPAREN expr RPAREN
    (66) expr -> . INT
    (67) expr -> . FLOAT
    (68) expr -> . PI
    (69) expr -> . IDENT
    (70) expr -> . SIN LPAREN arg_list RPAREN
    (71) expr -> . COS LPAREN arg_list RPAREN
    (72) expr -> . TAN LPAREN arg_list RPAREN
    (73) expr -> . EXP LPAREN arg_list RPAREN
    (74) expr -> . LOG LPAREN arg_list RPAREN
    (75) expr -> . SQRT LPAREN arg_list RPAREN
    (76) expr -> . ABS LPAREN arg_list RPAREN
    (77) expr -> . ASIN LPAREN arg_list RPAREN
    (78) expr -> . ACOS LPAREN arg_list RPAREN
    (79) expr -> . ATAN LPAREN arg_list RPAREN
    (80) expr -> . IDENT LPAREN arg_list RPAREN

    MINUS           shift and go to state 60
    LPAREN          shift and go to state 55
    INT             shift and go to state 61
    FLOAT           shift and go to state 62
    PI              shift and go to state 63
    IDENT           shift and go to state 54
    SIN             shift and go to state 64
    COS             shift and go to state 65
    TAN             shift and go to state 66
    EXP             shift and go to state 67
    LOG             shift and go to state 68
    SQRT            shift and go to state 69
    ABS             shift and go to state 70
    ASIN            shift and go to state 71
    ACOS            shift and go to state 72
    ATAN            shift and go to state 73

    expr                           shift and go to state 146

state 102

    (53) expr -> expr NE . expr
    (50) expr -> . expr AND expr
    (51) expr -> . expr OR expr
    (52) expr -> . expr EQEQ expr
    (53) expr -> . expr NE expr
    (54) expr -> . expr LT expr
    (55) expr -> . expr GT expr
    (56) expr -> . expr LE expr
    (57) expr -> . expr GE expr
    (58) expr -> . expr PLUS expr
    (59) expr -> . expr MINUS expr
    (60) expr -> . expr STAR expr
    (61) expr -> . expr DIVIDE expr
    (62) expr -> . expr PERCENT expr
    (63) expr -> . expr POWER expr
    (64) expr -> . MINUS expr
    (65) expr -> . LPAREN expr RPAREN
    (66) expr -> . INT
    (67) expr -> . FLOAT
    (68) expr -> . PI
    (69) expr -> . IDENT
    (70) expr -> . SIN LPAREN arg_list RPAREN
    (71) expr -> . COS LPAREN arg_list RPAREN
    (72) expr -> . TAN LPAREN arg_list RPAREN
    (73) expr -> . EXP LPAREN arg_list RPAREN
    (74) expr -> . LOG LPAREN arg_list RPAREN
    (75) expr -> . SQRT LPAREN arg_list RPAREN
    (76) expr -> . ABS LPAREN arg_list RPAREN
    (77) expr -> . ASIN LPAREN arg_list RPAREN
    (78) expr -> . ACOS LPAREN arg_list RPAREN
    (79) expr -> . ATAN LPAREN arg_list RPAREN
    (80) expr -> . IDENT LPAREN arg_list RPAREN

    MINUS           shift and go to state 60
    LPAREN          shift and go to state 55
    INT             shift and go to state 61
    FLOAT           shift and go to state 62
    PI              shift and go to state 63
    IDENT           shift and go to state 54
    SIN             shift and go to state 64
    COS             shift and go to state 65
    TAN             shift and go to state 66
    EXP             shift and go to state 67
    LOG             shift and go to state 68
    SQRT            shift and go to state 69
    ABS             shift and go to state 70
    ASIN            shift and go to state 71
    ACOS            shift and go to state 72
    ATAN            shift and go to state 73

    expr                           shift and go to state 147

state 103

    (54) expr -> expr LT . expr
    (50) expr -> . expr AND expr
    (51) expr -> . expr OR expr
    (52) expr -> . expr EQEQ expr
    (53) expr -> . expr NE expr
    (54) expr -> . expr LT expr
    (55) expr -> . expr GT expr
    (56) expr -> . expr LE expr
    (57) expr -> . expr GE expr
    (58) expr -> . expr PLUS expr
    (59) expr -> . expr MINUS expr
    (60) expr -> . expr STAR expr
    (61) expr -> . expr DIVIDE expr
    (62) expr -> . expr PERCENT expr
    (63) expr -> . expr POWER expr
    (64) expr -> . MINUS expr
    (65) expr -> . LPAREN expr RPAREN
    (66) expr -> . INT
    (67) expr -> . FLOAT
    (68) expr -> . PI
    (69) expr -> . IDENT
    (70) expr -> . SIN LPAREN arg_list RPAREN
    (71) expr -> . COS LPAREN arg_list RPAREN
    (72) expr -> . TAN LPAREN arg_list RPAREN
    (73) expr -> . EXP LPAREN arg_list RPAREN
    (74) expr -> . LOG LPAREN arg_list RPAREN
    (75) expr -> . SQRT LPAREN arg_list RPAREN
    (76) expr -> . ABS LPAREN arg_list RPAREN
    (77) expr -> . ASIN LPAREN arg_list RPAREN
    (78) expr -> . ACOS LPAREN arg_list RPAREN
    (79) expr -> . ATAN LPAREN arg_list RPAREN
    (80) expr -> . IDENT LPAREN arg_list RPAREN

    MINUS           shift and go to state 60
    LPAREN          shift and go to state 55
    INT             shift and go to state 61
    FLOAT           shift and go to state 62
    PI              shift and go to state 63
    IDENT           shift and go to state 54
    SIN             shift and go to state 64
    COS             shift and go to state 65
    TAN             shift and go to state 66
    EXP             shift and go to state 67
    LOG             shift and go to state 68
    SQRT            shift and go to state 69
    ABS             shift and go to state 70
    ASIN            shift and go to state 71
    ACOS            shift and go to state 72
    ATAN            shift and go to state 73

    expr                           shift and go to state 148

state 104

    (55) expr -> expr GT . expr
    (50) expr -> . expr AND expr
    (51) expr -> . expr OR expr
    (52) expr -> . expr EQEQ expr
    (53) expr -> . expr NE expr
    (54) expr -> . expr LT expr
    (55) expr -> . expr GT expr
    (56) expr -> . expr LE expr
    (57) expr -> . expr GE expr
    (58) expr -> . expr PLUS expr
    (59) expr -> . expr MINUS expr
    (60) expr -> . expr STAR expr
    (61) expr -> . expr DIVIDE expr
    (62) expr -> . expr PERCENT expr
    (63) expr -> . expr POWER expr
    (64) expr -> . MINUS expr
    (65) expr -> . LPAREN expr RPAREN
    (66) expr -> . INT
    (67) expr -> . FLOAT
    (68) expr -> . PI
    (69) expr -> . IDENT
    (70) expr -> . SIN LPAREN arg_list RPAREN
    (71) expr -> . COS LPAREN arg_list RPAREN
    (72) expr -> . TAN LPAREN arg_list RPAREN
    (73) expr -> . EXP LPAREN arg_list RPAREN
    (74) expr -> . LOG LPAREN arg_list RPAREN
    (75) expr -> . SQRT LPAREN arg_list RPAREN
    (76) expr -> . ABS LPAREN arg_list RPAREN
    (77) expr -> . ASIN LPAREN arg_list RPAREN
    (78) expr -> . ACOS LPAREN arg_list RPAREN
    (79) expr -> . ATAN LPAREN arg_list RPAREN
    (80) expr -> . IDENT LPAREN arg_list RPAREN

    MINUS           shift and go to state 60
    LPAREN          shift and go to state 55
    INT             shift and go to state 61
    FLOAT           shift and go to state 62
    PI              shift and go to state 63
    IDENT           shift and go to state 54
    SIN             shift and go to state 64
    COS             shift and go to state 65
    TAN             shift and go to state 66
    EXP             shift and go to state 67
    LOG             shift and go to state 68
    SQRT            shift and go to state 69
    ABS             shift and go to state 70
    ASIN            shift and go to state 71
    ACOS            shift and go to state 72
    ATAN            shift and go to state 73

    expr                           shift and go to state 149

state 105

    (56) expr -> expr LE . expr
    (50) expr -> . expr AND expr
    (51) expr -> . expr OR expr
    (52) expr -> . expr EQEQ expr
    (53) expr -> . expr NE expr
    (54) expr -> . expr LT expr
    (55) expr -> . expr GT expr
    (56) expr -> . expr LE expr
    (57) expr -> . expr GE expr
    (58) expr -> . expr PLUS expr
    (59) expr -> . expr MINUS expr
    (60) expr -> . expr STAR expr
    (61) expr -> . expr DIVIDE expr
    (62) expr -> . expr PERCENT expr
    (63) expr -> . expr POWER expr
    (64) expr -> . MINUS expr
    (65) expr -> . LPAREN expr RPAREN
    (66) expr -> . INT
    (67) expr -> . FLOAT
    (68) expr -> . PI
    (69) expr -> . IDENT
    (70) expr -> . SIN LPAREN arg_list RPAREN
    (71) expr -> . COS LPAREN arg_list RPAREN
    (72) expr -> . TAN LPAREN arg_list RPAREN
    (73) expr -> . EXP LPAREN arg_list RPAREN
    (74) expr -> . LOG LPAREN arg_list RPAREN
    (75) expr -> . SQRT LPAREN arg_list RPAREN
    (76) expr -> . ABS LPAREN arg_list RPAREN
    (77) expr -> . ASIN LPAREN arg_list RPAREN
    (78) expr -> . ACOS LPAREN arg_list RPAREN
    (79) expr -> . ATAN LPAREN arg_list RPAREN
    (80) expr -> . IDENT LPAREN arg_list RPAREN

    MINUS           shift and go to state 60
    LPAREN          shift and go to state 55
    INT             shift and go to state 61
    FLOAT           shift and go to state 62
    PI              shift and go to state 63
    IDENT           shift and go to state 54
    SIN             shift and go to state 64
    COS             shift and go to state 65
    TAN             shift and go to state 66
    EXP             shift and go to state 67
    LOG             shift and go to state 68
    SQRT            shift and go to state 69
    ABS             shift and go to state 70
    ASIN            shift and go to state 71
    ACOS            shift and go to state 72
    ATAN            shift and go to state 73

    expr                           shift and go to state 150

state 106

    (57) expr -> expr GE . expr
    (50) expr -> . expr AND expr
    (51) expr -> . expr OR expr
    (52) expr -> . expr EQEQ expr
    (53) expr -> . expr NE expr
    (54) expr -> . expr LT expr
    (55) expr -> . expr GT expr
    (56) expr -> . expr LE expr
    (57) expr -> . expr GE expr
    (58) expr -> . expr PLUS expr
    (59) expr -> . expr MINUS expr
    (60) expr -> . expr STAR expr
    (61) expr -> . expr DIVIDE expr
    (62) expr -> . expr PERCENT expr
    (63) expr -> . expr POWER expr
    (64) expr -> . MINUS expr
    (65) expr -> . LPAREN expr RPAREN
    (66) expr -> . INT
    (67) expr -> . FLOAT
    (68) expr -> . PI
    (69) expr -> . IDENT
    (70) expr -> . SIN LPAREN arg_list RPAREN
    (71) expr -> . COS LPAREN arg_list RPAREN
    (72) expr -> . TAN LPAREN arg_list RPAREN
    (73) expr -> . EXP LPAREN arg_list RPAREN
    (74) expr -> . LOG LPAREN arg_list RPAREN
    (75) expr -> . SQRT LPAREN arg_list RPAREN
    (76) expr -> . ABS LPAREN arg_list RPAREN
    (77) expr -> . ASIN LPAREN arg_list RPAREN
    (78) expr -> . ACOS LPAREN arg_list RPAREN
    (79) expr -> . ATAN LPAREN arg_list RPAREN
    (80) expr -> . IDENT LPAREN arg_list RPAREN

    MINUS           shift and go to state 60
    LPAREN          shift and go to state 55
    INT             shift and go to state 61
    FLOAT           shift and go to state 62
    PI              shift and go to state 63
    IDENT           shift and go to state 54
    SIN             shift and go to state 64
    COS             shift and go to state 65
    TAN             shift and go to state 66
    EXP             shift and go to state 67
    LOG             shift and go to state 68
    SQRT            shift and go to state 69
    ABS             shift and go to state 70
    ASIN            shift and go to state 71
    ACOS            shift and go to state 72
    ATAN            shift and go to state 73

    expr                           shift and go to state 151

state 107

    (58) expr -> expr PLUS . expr
    (50) expr -> . expr AND expr
    (51) expr -> . expr OR expr
    (52) expr -> . expr EQEQ expr
    (53) expr -> . expr NE expr
    (54) expr -> . expr LT expr
    (55) expr -> . expr GT expr
    (56) expr -> . expr LE expr
    (57) expr -> . expr GE expr
    (58) expr -> . expr PLUS expr
    (59) expr -> . expr MINUS expr
    (60) expr -> . expr STAR expr
    (61) expr -> . expr DIVIDE expr
    (62) expr -> . expr PERCENT expr
    (63) expr -> . expr POWER expr
    (64) expr -> . MINUS expr
    (65) expr -> . LPAREN expr RPAREN
    (66) expr -> . INT
    (67) expr -> . FLOAT
    (68) expr -> . PI
    (69) expr -> . IDENT
    (70) expr -> . SIN LPAREN arg_list RPAREN
    (71) expr -> . COS LPAREN arg_list RPAREN
    (72) expr -> . TAN LPAREN arg_list RPAREN
    (73) expr -> . EXP LPAREN arg_list RPAREN
    (74) expr -> . LOG LPAREN arg_list RPAREN
    (75) expr -> . SQRT LPAREN arg_list RPAREN
    (76) expr -> . ABS LPAREN arg_list RPAREN
    (77) expr -> . ASIN LPAREN arg_list RPAREN
    (78) expr -> . ACOS LPAREN arg_list RPAREN
    (79) expr -> . ATAN LPAREN arg_list RPAREN
    (80) expr -> . IDENT LPAREN arg_list RPAREN

    MINUS           shift and go to state 60
    LPAREN          shift and go to state 55
    INT             shift and go to state 61
    FLOAT           shift and go to state 62
    PI              shift and go to state 63
    IDENT           shift and go to state 54
    SIN             shift and go to state 64
    COS             shift and go to state 65
    TAN             shift and go to state 66
    EXP             shift and go to state 67
    LOG             shift and go to state 68
    SQRT            shift and go to state 69
    ABS             shift and go to state 70
    ASIN            shift and go to state 71
    ACOS            shift and go to state 72
    ATAN            shift and go to state 73

    expr                           shift and go to state 152

state 108

    (59) expr -> expr MINUS . expr
    (50) expr -> . expr AND expr
    (51) expr -> . expr OR expr
    (52) expr -> . expr EQEQ expr
    (53) expr -> . expr NE expr
    (54) expr -> . expr LT expr
    (55) expr -> . expr GT expr
    (56) expr -> . expr LE expr
    (57) expr -> . expr GE expr
    (58) expr -> . expr PLUS expr
    (59) expr -> . expr MINUS expr
    (60) expr -> . expr STAR expr
    (61) expr -> . expr DIVIDE expr
    (62) expr -> . expr PERCENT expr
    (63) expr -> . expr POWER expr
    (64) expr -> . MINUS expr
    (65) expr -> . LPAREN expr RPAREN
    (66) expr -> . INT
    (67) expr -> . FLOAT
    (68) expr -> . PI
    (69) expr -> . IDENT
    (70) expr -> . SIN LPAREN arg_list RPAREN
    (71) expr -> . COS LPAREN arg_list RPAREN
    (72) expr -> . TAN LPAREN arg_list RPAREN
    (73) expr -> . EXP LPAREN arg_list RPAREN
    (74) expr -> . LOG LPAREN arg_list RPAREN
    (75) expr -> . SQRT LPAREN arg_list RPAREN
    (76) expr -> . ABS LPAREN arg_list RPAREN
    (77) expr -> . ASIN LPAREN arg_list RPAREN
    (78) expr -> . ACOS LPAREN arg_list RPAREN
    (79) expr -> . ATAN LPAREN arg_list RPAREN
    (80) expr -> . IDENT LPAREN arg_list RPAREN

    MINUS           shift and go to state 60
    LPAREN          shift and go to state 55
    INT             shift and go to state 61
    FLOAT           shift and go to state 62
    PI              shift and go to state 63
    IDENT           shift and go to state 54
    SIN             shift and go to state 64
    COS             shift and go to state 65
    TAN             shift and go to state 66
    EXP             shift and go to state 67
    LOG             shift and go to state 68
    SQRT            shift and go to state 69
    ABS             shift and go to state 70
    ASIN            shift and go to state 71
    ACOS            shift and go to state 72
    ATAN            shift and go to state 73

    expr                           shift and go to state 153

state 109

    (60) expr -> expr STAR . expr
    (50) expr -> . expr AND expr
    (51) expr -> . expr OR expr
    (52) expr -> . expr EQEQ expr
    (53) expr -> . expr NE expr
    (54) expr -> . expr LT expr
    (55) expr -> . expr GT expr
    (56) expr -> . expr LE expr
    (57) expr -> . expr GE expr
    (58) expr -> . expr PLUS expr
    (59) expr -> . expr MINUS expr
    (60) expr -> . expr STAR expr
    (61) expr -> . expr DIVIDE expr
    (62) expr -> . expr PERCENT expr
    (63) expr -> . expr POWER expr
    (64) expr -> . MINUS expr
    (65) expr -> . LPAREN expr RPAREN
    (66) expr -> . INT
    (67) expr -> . FLOAT
    (68) expr -> . PI
    (69) expr -> . IDENT
    (70) expr -> . SIN LPAREN arg_list RPAREN
    (71) expr -> . COS LPAREN arg_list RPAREN
    (72) expr -> . TAN LPAREN arg_list RPAREN
    (73) expr -> . EXP LPAREN arg_list RPAREN
    (74) expr -> . LOG LPAREN arg_list RPAREN
    (75) expr -> . SQRT LPAREN arg_list RPAREN
    (76) expr -> . ABS LPAREN arg_list RPAREN
    (77) expr -> . ASIN LPAREN arg_list RPAREN
    (78) expr -> . ACOS LPAREN arg_list RPAREN
    (79) expr -> . ATAN LPAREN arg_list RPAREN
    (80) expr -> . IDENT LPAREN arg_list RPAREN

    MINUS           shift and go to state 60
    LPAREN          shift and go to state 55
    INT             shift and go to state 61
    FLOAT           shift and go to state 62
    PI              shift and go to state 63
    IDENT           shift and go to state 54
    SIN             shift and go to state 64
    COS             shift and go to state 65
    TAN             shift and go to state 66
    EXP             shift and go to state 67
    LOG             shift and go to state 68
    SQRT            shift and go to state 69
    ABS             shift and go to state 70
    ASIN            shift and go to state 71
    ACOS            shift and go to state 72
    ATAN            shift and go to state 73

    expr                           shift and go to state 154

state 110

    (61) expr -> expr DIVIDE . expr
    (50) expr -> . expr AND expr
    (51) expr -> . expr OR expr
    (52) expr -> . expr EQEQ expr
    (53) expr -> . expr NE expr
    (54) expr -> . expr LT expr
    (55) expr -> . expr GT expr
    (56) expr -> . expr LE expr
    (57) expr -> . expr GE expr
    (58) expr -> . expr PLUS expr
    (59) expr -> . expr MINUS expr
    (60) expr -> . expr STAR expr
    (61) expr -> . expr DIVIDE expr
    (62) expr -> . expr PERCENT expr
    (63) expr -> . expr POWER expr
    (64) expr -> . MINUS expr
    (65) expr -> . LPAREN expr RPAREN
    (66) expr -> . INT
    (67) expr -> . FLOAT
    (68) expr -> . PI
    (69) expr -> . IDENT
    (70) expr -> . SIN LPAREN arg_list RPAREN
    (71) expr -> . COS LPAREN arg_list RPAREN
    (72) expr -> . TAN LPAREN arg_list RPAREN
    (73) expr -> . EXP LPAREN arg_list RPAREN
    (74) expr -> . LOG LPAREN arg_list RPAREN
    (75) expr -> . SQRT LPAREN arg_list RPAREN
    (76) expr -> . ABS LPAREN arg_list RPAREN
    (77) expr -> . ASIN LPAREN arg_list RPAREN
    (78) expr -> . ACOS LPAREN arg_list RPAREN
    (79) expr -> . ATAN LPAREN arg_list RPAREN
    (80) expr -> . IDENT LPAREN arg_list RPAREN

    MINUS           shift and go to state 60
    LPAREN          shift and go to state 55
    INT             shift and go to state 61
    FLOAT           shift and go to state 62
    PI              shift and go to state 63
    IDENT           shift and go to state 54
    SIN             shift and go to state 64
    COS             shift and go to state 65
    TAN             shift and go to state 66
    EXP             shift and go to state 67
    LOG             shift and go to state 68
    SQRT            shift and go to state 69
    ABS             shift and go to state 70
    ASIN            shift and go to state 71
    ACOS            shift and go to state 72
    ATAN            shift and go to state 73

    expr                           shift and go to state 155

state 111

    (62) expr -> expr PERCENT . expr
    (50) expr -> . expr AND expr
    (51) expr -> . expr OR expr
    (52) expr -> . expr EQEQ expr
    (53) expr -> . expr NE expr
    (54) expr -> . expr LT expr
    (55) expr -> . expr GT expr
    (56) expr -> . expr LE expr
    (57) expr -> . expr GE expr
    (58) expr -> . expr PLUS expr
    (59) expr -> . expr MINUS expr
    (60) expr -> . expr STAR expr
    (61) expr -> . expr DIVIDE expr
    (62) expr -> . expr PERCENT expr
    (63) expr -> . expr POWER expr
    (64) expr -> . MINUS expr
    (65) expr -> . LPAREN expr RPAREN
    (66) expr -> . INT
    (67) expr -> . FLOAT
    (68) expr -> . PI
    (69) expr -> . IDENT
    (70) expr -> . SIN LPAREN arg_list RPAREN
    (71) expr -> . COS LPAREN arg_list RPAREN
    (72) expr -> . TAN LPAREN arg_list RPAREN
    (73) expr -> . EXP LPAREN arg_list RPAREN
    (74) expr -> . LOG LPAREN arg_list RPAREN
    (75) expr -> . SQRT LPAREN arg_list RPAREN
    (76) expr -> . ABS LPAREN arg_list RPAREN
    (77) expr -> . ASIN LPAREN arg_list RPAREN
    (78) expr -> . ACOS LPAREN arg_list RPAREN
    (79) expr -> . ATAN LPAREN arg_list RPAREN
    (80) expr -> . IDENT LPAREN arg_list RPAREN

    MINUS           shift and go to state 60
    LPAREN          shift and go to state 55
    INT             shift and go to state 61
    FLOAT           shift and go to state 62
    PI              shift and go to state 63
    IDENT           shift and go to state 54
    SIN             shift and go to state 64
    COS             shift and go to state 65
    TAN             shift and go to state 66
    EXP             shift and go to state 67
    LOG             shift and go to state 68
    SQRT            shift and go to state 69
    ABS             shift and go to state 70
    ASIN            shift and go to state 71
    ACOS            shift and go to state 72
    ATAN            shift and go to state 73

    expr                           shift and go to state 156

state 112

    (63) expr -> expr POWER . expr
    (50) expr -> . expr AND expr
    (51) expr -> . expr OR expr
    (52) expr -> . expr EQEQ expr
    (53) expr -> . expr NE expr
    (54) expr -> . expr LT expr
    (55) expr -> . expr GT expr
    (56) expr -> . expr LE expr
    (57) expr -> . expr GE expr
    (58) expr -> . expr PLUS expr
    (59) expr -> . expr MINUS expr
    (60) expr -> . expr STAR expr
    (61) expr -> . expr DIVIDE expr
    (62) expr -> . expr PERCENT expr
    (63) expr -> . expr POWER expr
    (64) expr -> . MINUS expr
    (65) expr -> . LPAREN expr RPAREN
    (66) expr -> . INT
    (67) expr -> . FLOAT
    (68) expr -> . PI
    (69) expr -> . IDENT
    (70) expr -> . SIN LPAREN arg_list RPAREN
    (71) expr -> . COS LPAREN arg_list RPAREN
    (72) expr -> . TAN LPAREN arg_list RPAREN
    (73) expr -> . EXP LPAREN arg_list RPAREN
    (74) expr -> . LOG LPAREN arg_list RPAREN
    (75) expr -> . SQRT LPAREN arg_list RPAREN
    (76) expr -> . ABS LPAREN arg_list RPAREN
    (77) expr -> . ASIN LPAREN arg_list RPAREN
    (78) expr -> . ACOS LPAREN arg_list RPAREN
    (79) expr -> . ATAN LPAREN arg_list RPAREN
    (80) expr -> . IDENT LPAREN arg_list RPAREN

    MINUS           shift and go to state 60
    LPAREN          shift and go to state 55
    INT             shift and go to state 61
    FLOAT           shift and go to state 62
    PI              shift and go to state 63
    IDENT           shift and go to state 54
    SIN             shift and go to state 64
    COS             shift and go to state 65
    TAN             shift and go to state 66
    EXP             shift and go to state 67
    LOG             shift and go to state 68
    SQRT            shift and go to state 69
    ABS             shift and go to state 70
    ASIN            shift and go to state 71
    ACOS            shift and go to state 72
    ATAN            shift and go to state 73

    expr                           shift and go to state 157

state 113

    (64) expr -> MINUS expr .
    (50) expr -> expr . AND expr
    (51) expr -> expr . OR expr
    (52) expr -> expr . EQEQ expr
    (53) expr -> expr . NE expr
    (54) expr -> expr . LT expr
    (55) expr -> expr . GT expr
    (56) expr -> expr . LE expr
    (57) expr -> expr . GE expr
    (58) expr -> expr . PLUS expr
    (59) expr -> expr . MINUS expr
    (60) expr -> expr . STAR expr
    (61) expr -> expr . DIVIDE expr
    (62) expr -> expr . PERCENT expr
    (63) expr -> expr . POWER expr

    COMMA           reduce using rule 64 (expr -> MINUS expr .)
    AND             reduce using rule 64 (expr -> MINUS expr .)
    OR              reduce using rule 64 (expr -> MINUS expr .)
    EQEQ            reduce using rule 64 (expr -> MINUS expr .)
    NE              reduce using rule 64 (expr -> MINUS expr .)
    LT              reduce using rule 64 (expr -> MINUS expr .)
    GT              reduce using rule 64 (expr -> MINUS expr .)
    LE              reduce using rule 64 (expr -> MINUS expr .)
    GE              reduce using rule 64 (expr -> MINUS expr .)
    PLUS            reduce using rule 64 (expr -> MINUS expr .)
    MINUS           reduce using rule 64 (expr -> MINUS expr .)
    STAR            reduce using rule 64 (expr -> MINUS expr .)
    DIVIDE          reduce using rule 64 (expr -> MINUS expr .)
    PERCENT         reduce using rule 64 (expr -> MINUS expr .)
    POWER           reduce using rule 64 (expr -> MINUS expr .)
    RPAREN          reduce using rule 64 (expr -> MINUS expr .)
    SEMICOLON       reduce using rule 64 (expr -> MINUS expr .)
    ARROW           reduce using rule 64 (expr -> MINUS expr .)

  ! AND             [ shift and go to state 99 ]
  ! OR              [ shift and go to state 100 ]
  ! EQEQ            [ shift and go to state 101 ]
  ! NE              [ shift and go to state 102 ]
  ! LT              [ shift and go to state 103 ]
  ! GT              [ shift and go to state 104 ]
  ! LE              [ shift and go to state 105 ]
  ! GE              [ shift and go to state 106 ]
  ! PLUS            [ shift and go to state 107 ]
  ! MINUS           [ shift and go to state 108 ]
  ! STAR            [ shift and go to state 109 ]
  ! DIVIDE          [ shift and go to state 110 ]
  ! PERCENT         [ shift and go to state 111 ]
  ! POWER           [ shift and go to state 112 ]


state 114

    (70) expr -> SIN LPAREN . arg_list RPAREN
    (81) arg_list -> . expr_list
    (82) arg_list -> . empty
    (83) expr_list -> . expr
    (84) expr_list -> . expr COMMA expr_list
    (85) empty -> .
    (50) expr -> . expr AND expr
    (51) expr -> . expr OR expr
    (52) expr -> . expr EQEQ expr
    (53) expr -> . expr NE expr
    (54) expr -> . expr LT expr
    (55) expr -> . expr GT expr
    (56) expr -> . expr LE expr
    (57) expr -> . expr GE expr
    (58) expr -> . expr PLUS expr
    (59) expr -> . expr MINUS expr
    (60) expr -> . expr STAR expr
    (61) expr -> . expr DIVIDE expr
    (62) expr -> . expr PERCENT expr
    (63) expr -> . expr POWER expr
    (64) expr -> . MINUS expr
    (65) expr -> . LPAREN expr RPAREN
    (66) expr -> . INT
    (67) expr -> . FLOAT
    (68) expr -> . PI
    (69) expr -> . IDENT
    (70) expr -> . SIN LPAREN arg_list RPAREN
    (71) expr -> . COS LPAREN arg_list RPAREN
    (72) expr -> . TAN LPAREN arg_list RPAREN
    (73) expr -> . EXP LPAREN arg_list RPAREN
    (74) expr -> . LOG LPAREN arg_list RPAREN
    (75) expr -> . SQRT LPAREN arg_list RPAREN
    (76) expr -> . ABS LPAREN arg_list RPAREN
    (77) expr -> . ASIN LPAREN arg_list RPAREN
    (78) expr -> . ACOS LPAREN arg_list RPAREN
    (79) expr -> . ATAN LPAREN arg_list RPAREN
    (80) expr -> . IDENT LPAREN arg_list RPAREN

    RPAREN          reduce using rule 85 (empty -> .)
    MINUS           shift and go to state 60
    LPAREN          shift and go to state 55
    INT             shift and go to state 61
    FLOAT           shift and go to state 62
    PI              shift and go to state 63
    IDENT           shift and go to state 54
    SIN             shift and go to state 64
    COS             shift and go to state 65
    TAN             shift and go to state 66
    EXP             shift and go to state 67
    LOG             shift and go to state 68
    SQRT            shift and go to state 69
    ABS             shift and go to state 70
    ASIN            shift and go to state 71
    ACOS            shift and go to state 72
    ATAN            shift and go to state 73

    arg_list                       shift and go to state 158
    expr_list                      shift and go to state 57
    empty                          shift and go to state 58
    expr                           shift and go to state 59

state 115

    (71) expr -> COS LPAREN . arg_list RPAREN
    (81) arg_list -> . expr_list
    (82) arg_list -> . empty
    (83) expr_list -> . expr
    (84) expr_list -> . expr COMMA expr_list
    (85) empty -> .
    (50) expr -> . expr AND expr
    (51) expr -> . expr OR expr
    (52) expr -> . expr EQEQ expr
    (53) expr -> . expr NE expr
    (54) expr -> . expr LT expr
    (55) expr -> . expr GT expr
    (56) expr -> . expr LE expr
    (57) expr -> . expr GE expr
    (58) expr -> . expr PLUS expr
    (59) expr -> . expr MINUS expr
    (60) expr -> . expr STAR expr
    (61) expr -> . expr DIVIDE expr
    (62) expr -> . expr PERCENT expr
    (63) expr -> . expr POWER expr
    (64) expr -> . MINUS expr
    (65) expr -> . LPAREN expr RPAREN
    (66) expr -> . INT
    (67) expr -> . FLOAT
    (68) expr -> . PI
    (69) expr -> . IDENT
    (70) expr -> . SIN LPAREN arg_list RPAREN
    (71) expr -> . COS LPAREN arg_list RPAREN
    (72) expr -> . TAN LPAREN arg_list RPAREN
    (73) expr -> . EXP LPAREN arg_list RPAREN
    (74) expr -> . LOG LPAREN arg_list RPAREN
    (75) expr -> . SQRT LPAREN arg_list RPAREN
    (76) expr -> . ABS LPAREN arg_list RPAREN
    (77) expr -> . ASIN LPAREN arg_list RPAREN
    (78) expr -> . ACOS LPAREN arg_list RPAREN
    (79) expr -> . ATAN LPAREN arg_list RPAREN
    (80) expr -> . IDENT LPAREN arg_list RPAREN

    RPAREN          reduce using rule 85 (empty -> .)
    MINUS           shift and go to state 60
    LPAREN          shift and go to state 55
    INT             shift and go to state 61
    FLOAT           shift and go to state 62
    PI              shift and go to state 63
    IDENT           shift and go to state 54
    SIN             shift and go to state 64
    COS             shift and go to state 65
    TAN             shift and go to state 66
    EXP             shift and go to state 67
    LOG             shift and go to state 68
    SQRT            shift and go to state 69
    ABS             shift and go to state 70
    ASIN            shift and go to state 71
    ACOS            shift and go to state 72
    ATAN            shift and go to state 73

    arg_list                       shift and go to state 159
    expr_list                      shift and go to state 57
    empty                          shift and go to state 58
    expr                           shift and go to state 59

state 116

    (72) expr -> TAN LPAREN . arg_list RPAREN
    (81) arg_list -> . expr_list
    (82) arg_list -> . empty
    (83) expr_list -> . expr
    (84) expr_list -> . expr COMMA expr_list
    (85) empty -> .
    (50) expr -> . expr AND expr
    (51) expr -> . expr OR expr
    (52) expr -> . expr EQEQ expr
    (53) expr -> . expr NE expr
    (54) expr -> . expr LT expr
    (55) expr -> . expr GT expr
    (56) expr -> . expr LE expr
    (57) expr -> . expr GE expr
    (58) expr -> . expr PLUS expr
    (59) expr -> . expr MINUS expr
    (60) expr -> . expr STAR expr
    (61) expr -> . expr DIVIDE expr
    (62) expr -> . expr PERCENT expr
    (63) expr -> . expr POWER expr
    (64) expr -> . MINUS expr
    (65) expr -> . LPAREN expr RPAREN
    (66) expr -> . INT
    (67) expr -> . FLOAT
    (68) expr -> . PI
    (69) expr -> . IDENT
    (70) expr -> . SIN LPAREN arg_list RPAREN
    (71) expr -> . COS LPAREN arg_list RPAREN
    (72) expr -> . TAN LPAREN arg_list RPAREN
    (73) expr -> . EXP LPAREN arg_list RPAREN
    (74) expr -> . LOG LPAREN arg_list RPAREN
    (75) expr -> . SQRT LPAREN arg_list RPAREN
    (76) expr -> . ABS LPAREN arg_list RPAREN
    (77) expr -> . ASIN LPAREN arg_list RPAREN
    (78) expr -> . ACOS LPAREN arg_list RPAREN
    (79) expr -> . ATAN LPAREN arg_list RPAREN
    (80) expr -> . IDENT LPAREN arg_list RPAREN

    RPAREN          reduce using rule 85 (empty -> .)
    MINUS           shift and go to state 60
    LPAREN          shift and go to state 55
    INT             shift and go to state 61
    FLOAT           shift and go to state 62
    PI              shift and go to state 63
    IDENT           shift and go to state 54
    SIN             shift and go to state 64
    COS             shift and go to state 65
    TAN             shift and go to state 66
    EXP             shift and go to state 67
    LOG             shift and go to state 68
    SQRT            shift and go to state 69
    ABS             shift and go to state 70
    ASIN            shift and go to state 71
    ACOS            shift and go to state 72
    ATAN            shift and go to state 73

    arg_list                       shift and go to state 160
    expr_list                      shift and go to state 57
    empty                          shift and go to state 58
    expr                           shift and go to state 59

state 117

    (73) expr -> EXP LPAREN . arg_list RPAREN
    (81) arg_list -> . expr_list
    (82) arg_list -> . empty
    (83) expr_list -> . expr
    (84) expr_list -> . expr COMMA expr_list
    (85) empty -> .
    (50) expr -> . expr AND expr
    (51) expr -> . expr OR expr
    (52) expr -> . expr EQEQ expr
    (53) expr -> . expr NE expr
    (54) expr -> . expr LT expr
    (55) expr -> . expr GT expr
    (56) expr -> . expr LE expr
    (57) expr -> . expr GE expr
    (58) expr -> . expr PLUS expr
    (59) expr -> . expr MINUS expr
    (60) expr -> . expr STAR expr
    (61) expr -> . expr DIVIDE expr
    (62) expr -> . expr PERCENT expr
    (63) expr -> . expr POWER expr
    (64) expr -> . MINUS expr
    (65) expr -> . LPAREN expr RPAREN
    (66) expr -> . INT
    (67) expr -> . FLOAT
    (68) expr -> . PI
    (69) expr -> . IDENT
    (70) expr -> . SIN LPAREN arg_list RPAREN
    (71) expr -> . COS LPAREN arg_list RPAREN
    (72) expr -> . TAN LPAREN arg_list RPAREN
    (73) expr -> . EXP LPAREN arg_list RPAREN
    (74) expr -> . LOG LPAREN arg_list RPAREN
    (75) expr -> . SQRT LPAREN arg_list RPAREN
    (76) expr -> . ABS LPAREN arg_list RPAREN
    (77) expr -> . ASIN LPAREN arg_list RPAREN
    (78) expr -> . ACOS LPAREN arg_list RPAREN
    (79) expr -> . ATAN LPAREN arg_list RPAREN
    (80) expr -> . IDENT LPAREN arg_list RPAREN

    RPAREN          reduce using rule 85 (empty -> .)
    MINUS           shift and go to state 60
    LPAREN          shift and go to state 55
    INT             shift and go to state 61
    FLOAT           shift and go to state 62
    PI              shift and go to state 63
    IDENT           shift and go to state 54
    SIN             shift and go to state 64
    COS             shift and go to state 65
    TAN             shift and go to state 66
    EXP             shift and go to state 67
    LOG             shift and go to state 68
    SQRT            shift and go to state 69
    ABS             shift and go to state 70
    ASIN            shift and go to state 71
    ACOS            shift and go to state 72
    ATAN            shift and go to state 73

    arg_list                       shift and go to state 161
    expr_list                      shift and go to state 57
    empty                          shift and go to state 58
    expr                           shift and go to state 59

state 118

    (74) expr -> LOG LPAREN . arg_list RPAREN
    (81) arg_list -> . expr_list
    (82) arg_list -> . empty
    (83) expr_list -> . expr
    (84) expr_list -> . expr COMMA expr_list
    (85) empty -> .
    (50) expr -> . expr AND expr
    (51) expr -> . expr OR expr
    (52) expr -> . expr EQEQ expr
    (53) expr -> . expr NE expr
    (54) expr -> . expr LT expr
    (55) expr -> . expr GT expr
    (56) expr -> . expr LE expr
    (57) expr -> . expr GE expr
    (58) expr -> . expr PLUS expr
    (59) expr -> . expr MINUS expr
    (60) expr -> . expr STAR expr
    (61) expr -> . expr DIVIDE expr
    (62) expr -> . expr PERCENT expr
    (63) expr -> . expr POWER expr
    (64) expr -> . MINUS expr
    (65) expr -> . LPAREN expr RPAREN
    (66) expr -> . INT
    (67) expr -> . FLOAT
    (68) expr -> . PI
    (69) expr -> . IDENT
    (70) expr -> . SIN LPAREN arg_list RPAREN
    (71) expr -> . COS LPAREN arg_list RPAREN
    (72) expr -> . TAN LPAREN arg_list RPAREN
    (73) expr -> . EXP LPAREN arg_list RPAREN
    (74) expr -> . LOG LPAREN arg_list RPAREN
    (75) expr -> . SQRT LPAREN arg_list RPAREN
    (76) expr -> . ABS LPAREN arg_list RPAREN
    (77) expr -> . ASIN LPAREN arg_list RPAREN
    (78) expr -> . ACOS LPAREN arg_list RPAREN
    (79) expr -> . ATAN LPAREN arg_list RPAREN
    (80) expr -> . IDENT LPAREN arg_list RPAREN

    RPAREN          reduce using rule 85 (empty -> .)
    MINUS           shift and go to state 60
    LPAREN          shift and go to state 55
    INT             shift and go to state 61
    FLOAT           shift and go to state 62
    PI              shift and go to state 63
    IDENT           shift and go to state 54
    SIN             shift and go to state 64
    COS             shift and go to state 65
    TAN             shift and go to state 66
    EXP             shift and go to state 67
    LOG             shift and go to state 68
    SQRT            shift and go to state 69
    ABS             shift and go to state 70
    ASIN            shift and go to state 71
    ACOS            shift and go to state 72
    ATAN            shift and go to state 73

    arg_list                       shift and go to state 162
    expr_list                      shift and go to state 57
    empty                          shift and go to state 58
    expr                           shift and go to state 59

state 119

    (75) expr -> SQRT LPAREN . arg_list RPAREN
    (81) arg_list -> . expr_list
    (82) arg_list -> . empty
    (83) expr_list -> . expr
    (84) expr_list -> . expr COMMA expr_list
    (85) empty -> .
    (50) expr -> . expr AND expr
    (51) expr -> . expr OR expr
    (52) expr -> . expr EQEQ expr
    (53) expr -> . expr NE expr
    (54) expr -> . expr LT expr
    (55) expr -> . expr GT expr
    (56) expr -> . expr LE expr
    (57) expr -> . expr GE expr
    (58) expr -> . expr PLUS expr
    (59) expr -> . expr MINUS expr
    (60) expr -> . expr STAR expr
    (61) expr -> . expr DIVIDE expr
    (62) expr -> . expr PERCENT expr
    (63) expr -> . expr POWER expr
    (64) expr -> . MINUS expr
    (65) expr -> . LPAREN expr RPAREN
    (66) expr -> . INT
    (67) expr -> . FLOAT
    (68) expr -> . PI
    (69) expr -> . IDENT
    (70) expr -> . SIN LPAREN arg_list RPAREN
    (71) expr -> . COS LPAREN arg_list RPAREN
    (72) expr -> . TAN LPAREN arg_list RPAREN
    (73) expr -> . EXP LPAREN arg_list RPAREN
    (74) expr -> . LOG LPAREN arg_list RPAREN
    (75) expr -> . SQRT LPAREN arg_list RPAREN
    (76) expr -> . ABS LPAREN arg_list RPAREN
    (77) expr -> . ASIN LPAREN arg_list RPAREN
    (78) expr -> . ACOS LPAREN arg_list RPAREN
    (79) expr -> . ATAN LPAREN arg_list RPAREN
    (80) expr -> . IDENT LPAREN arg_list RPAREN

    RPAREN          reduce using rule 85 (empty -> .)
    MINUS           shift and go to state 60
    LPAREN          shift and go to state 55
    INT             shift and go to state 61
    FLOAT           shift and go to state 62
    PI              shift and go to state 63
    IDENT           shift and go to state 54
    SIN             shift and go to state 64
    COS             shift and go to state 65
    TAN             shift and go to state 66
    EXP             shift and go to state 67
    LOG             shift and go to state 68
    SQRT            shift and go to state 69
    ABS             shift and go to state 70
    ASIN            shift and go to state 71
    ACOS            shift and go to state 72
    ATAN            shift and go to state 73

    arg_list                       shift and go to state 163
    expr_list                      shift and go to state 57
    empty                          shift and go to state 58
    expr                           shift and go to state 59

state 120

    (76) expr -> ABS LPAREN . arg_list RPAREN
    (81) arg_list -> . expr_list
    (82) arg_list -> . empty
    (83) expr_list -> . expr
    (84) expr_list -> . expr COMMA expr_list
    (85) empty -> .
    (50) expr -> . expr AND expr
    (51) expr -> . expr OR expr
    (52) expr -> . expr EQEQ expr
    (53) expr -> . expr NE expr
    (54) expr -> . expr LT expr
    (55) expr -> . expr GT expr
    (56) expr -> . expr LE expr
    (57) expr -> . expr GE expr
    (58) expr -> . expr PLUS expr
    (59) expr -> . expr MINUS expr
    (60) expr -> . expr STAR expr
    (61) expr -> . expr DIVIDE expr
    (62) expr -> . expr PERCENT expr
    (63) expr -> . expr POWER expr
    (64) expr -> . MINUS expr
    (65) expr -> . LPAREN expr RPAREN
    (66) expr -> . INT
    (67) expr -> . FLOAT
    (68) expr -> . PI
    (69) expr -> . IDENT
    (70) expr -> . SIN LPAREN arg_list RPAREN
    (71) expr -> . COS LPAREN arg_list RPAREN
    (72) expr -> . TAN LPAREN arg_list RPAREN
    (73) expr -> . EXP LPAREN arg_list RPAREN
    (74) expr -> . LOG LPAREN arg_list RPAREN
    (75) expr -> . SQRT LPAREN arg_list RPAREN
    (76) expr -> . ABS LPAREN arg_list RPAREN
    (77) expr -> . ASIN LPAREN arg_list RPAREN
    (78) expr -> . ACOS LPAREN arg_list RPAREN
    (79) expr -> . ATAN LPAREN arg_list RPAREN
    (80) expr -> . IDENT LPAREN arg_list RPAREN

    RPAREN          reduce using rule 85 (empty -> .)
    MINUS           shift and go to state 60
    LPAREN          shift and go to state 55
    INT             shift and go to state 61
    FLOAT           shift and go to state 62
    PI              shift and go to state 63
    IDENT           shift and go to state 54
    SIN             shift and go to state 64
    COS             shift and go to state 65
    TAN             shift and go to state 66
    EXP             shift and go to state 67
    LOG             shift and go to state 68
    SQRT            shift and go to state 69
    ABS             shift and go to state 70
    ASIN            shift and go to state 71
    ACOS            shift and go to state 72
    ATAN            shift and go to state 73

    arg_list                       shift and go to state 164
    expr_list                      shift and go to state 57
    empty                          shift and go to state 58
    expr                           shift and go to state 59

state 121

    (77) expr -> ASIN LPAREN . arg_list RPAREN
    (81) arg_list -> . expr_list
    (82) arg_list -> . empty
    (83) expr_list -> . expr
    (84) expr_list -> . expr COMMA expr_list
    (85) empty -> .
    (50) expr -> . expr AND expr
    (51) expr -> . expr OR expr
    (52) expr -> . expr EQEQ expr
    (53) expr -> . expr NE expr
    (54) expr -> . expr LT expr
    (55) expr -> . expr GT expr
    (56) expr -> . expr LE expr
    (57) expr -> . expr GE expr
    (58) expr -> . expr PLUS expr
    (59) expr -> . expr MINUS expr
    (60) expr -> . expr STAR expr
    (61) expr -> . expr DIVIDE expr
    (62) expr -> . expr PERCENT expr
    (63) expr -> . expr POWER expr
    (64) expr -> . MINUS expr
    (65) expr -> . LPAREN expr RPAREN
    (66) expr -> . INT
    (67) expr -> . FLOAT
    (68) expr -> . PI
    (69) expr -> . IDENT
    (70) expr -> . SIN LPAREN arg_list RPAREN
    (71) expr -> . COS LPAREN arg_list RPAREN
    (72) expr -> . TAN LPAREN arg_list RPAREN
    (73) expr -> . EXP LPAREN arg_list RPAREN
    (74) expr -> . LOG LPAREN arg_list RPAREN
    (75) expr -> . SQRT LPAREN arg_list RPAREN
    (76) expr -> . ABS LPAREN arg_list RPAREN
    (77) expr -> . ASIN LPAREN arg_list RPAREN
    (78) expr -> . ACOS LPAREN arg_list RPAREN
    (79) expr -> . ATAN LPAREN arg_list RPAREN
    (80) expr -> . IDENT LPAREN arg_list RPAREN

    RPAREN          reduce using rule 85 (empty -> .)
    MINUS           shift and go to state 60
    LPAREN          shift and go to state 55
    INT             shift and go to state 61
    FLOAT           shift and go to state 62
    PI              shift and go to state 63
    IDENT           shift and go to state 54
    SIN             shift and go to state 64
    COS             shift and go to state 65
    TAN             shift and go to state 66
    EXP             shift and go to state 67
    LOG             shift and go to state 68
    SQRT            shift and go to state 69
    ABS             shift and go to state 70
    ASIN            shift and go to state 71
    ACOS            shift and go to state 72
    ATAN            shift and go to state 73

    arg_list                       shift and go to state 165
    expr_list                      shift and go to state 57
    empty                          shift and go to state 58
    expr                           shift and go to state 59

state 122

    (78) expr -> ACOS LPAREN . arg_list RPAREN
    (81) arg_list -> . expr_list
    (82) arg_list -> . empty
    (83) expr_list -> . expr
    (84) expr_list -> . expr COMMA expr_list
    (85) empty -> .
    (50) expr -> . expr AND expr
    (51) expr -> . expr OR expr
    (52) expr -> . expr EQEQ expr
    (53) expr -> . expr NE expr
    (54) expr -> . expr LT expr
    (55) expr -> . expr GT expr
    (56) expr -> . expr LE expr
    (57) expr -> . expr GE expr
    (58) expr -> . expr PLUS expr
    (59) expr -> . expr MINUS expr
    (60) expr -> . expr STAR expr
    (61) expr -> . expr DIVIDE expr
    (62) expr -> . expr PERCENT expr
    (63) expr -> . expr POWER expr
    (64) expr -> . MINUS expr
    (65) expr -> . LPAREN expr RPAREN
    (66) expr -> . INT
    (67) expr -> . FLOAT
    (68) expr -> . PI
    (69) expr -> . IDENT
    (70) expr -> . SIN LPAREN arg_list RPAREN
    (71) expr -> . COS LPAREN arg_list RPAREN
    (72) expr -> . TAN LPAREN arg_list RPAREN
    (73) expr -> . EXP LPAREN arg_list RPAREN
    (74) expr -> . LOG LPAREN arg_list RPAREN
    (75) expr -> . SQRT LPAREN arg_list RPAREN
    (76) expr -> . ABS LPAREN arg_list RPAREN
    (77) expr -> . ASIN LPAREN arg_list RPAREN
    (78) expr -> . ACOS LPAREN arg_list RPAREN
    (79) expr -> . ATAN LPAREN arg_list RPAREN
    (80) expr -> . IDENT LPAREN arg_list RPAREN

    RPAREN          reduce using rule 85 (empty -> .)
    MINUS           shift and go to state 60
    LPAREN          shift and go to state 55
    INT             shift and go to state 61
    FLOAT           shift and go to state 62
    PI              shift and go to state 63
    IDENT           shift and go to state 54
    SIN             shift and go to state 64
    COS             shift and go to state 65
    TAN             shift and go to state 66
    EXP             shift and go to state 67
    LOG             shift and go to state 68
    SQRT            shift and go to state 69
    ABS             shift and go to state 70
    ASIN            shift and go to state 71
    ACOS            shift and go to state 72
    ATAN            shift and go to state 73

    arg_list                       shift and go to state 166
    expr_list                      shift and go to state 57
    empty                          shift and go to state 58
    expr                           shift and go to state 59

state 123

    (79) expr -> ATAN LPAREN . arg_list RPAREN
    (81) arg_list -> . expr_list
    (82) arg_list -> . empty
    (83) expr_list -> . expr
    (84) expr_list -> . expr COMMA expr_list
    (85) empty -> .
    (50) expr -> . expr AND expr
    (51) expr -> . expr OR expr
    (52) expr -> . expr EQEQ expr
    (53) expr -> . expr NE expr
    (54) expr -> . expr LT expr
    (55) expr -> . expr GT expr
    (56) expr -> . expr LE expr
    (57) expr -> . expr GE expr
    (58) expr -> . expr PLUS expr
    (59) expr -> . expr MINUS expr
    (60) expr -> . expr STAR expr
    (61) expr -> . expr DIVIDE expr
    (62) expr -> . expr PERCENT expr
    (63) expr -> . expr POWER expr
    (64) expr -> . MINUS expr
    (65) expr -> . LPAREN expr RPAREN
    (66) expr -> . INT
    (67) expr -> . FLOAT
    (68) expr -> . PI
    (69) expr -> . IDENT
    (70) expr -> . SIN LPAREN arg_list RPAREN
    (71) expr -> . COS LPAREN arg_list RPAREN
    (72) expr -> . TAN LPAREN arg_list RPAREN
    (73) expr -> . EXP LPAREN arg_list RPAREN
    (74) expr -> . LOG LPAREN arg_list RPAREN
    (75) expr -> . SQRT LPAREN arg_list RPAREN
    (76) expr -> . ABS LPAREN arg_list RPAREN
    (77) expr -> . ASIN LPAREN arg_list RPAREN
    (78) expr -> . ACOS LPAREN arg_list RPAREN
    (79) expr -> . ATAN LPAREN arg_list RPAREN
    (80) expr -> . IDENT LPAREN arg_list RPAREN

    RPAREN          reduce using rule 85 (empty -> .)
    MINUS           shift and go to state 60
    LPAREN          shift and go to state 55
    INT             shift and go to state 61
    FLOAT           shift and go to state 62
    PI              shift and go to state 63
    IDENT           shift and go to state 54
    SIN             shift and go to state 64
    COS             shift and go to state 65
    TAN             shift and go to state 66
    EXP             shift and go to state 67
    LOG             shift and go to state 68
    SQRT            shift and go to state 69
    ABS             shift and go to state 70
    ASIN            shift and go to state 71
    ACOS            shift and go to state 72
    ATAN            shift and go to state 73

    arg_list                       shift and go to state 167
    expr_list                      shift and go to state 57
    empty                          shift and go to state 58
    expr                           shift and go to state 59

state 124

    (43) measure_stmt -> MEASURE target_list ARROW target_list SEMICOLON .

    CREATE          reduce using rule 43 (measure_stmt -> MEASURE target_list ARROW target_list SEMICOLON .)
    APPLY           reduce using rule 43 (measure_stmt -> MEASURE target_list ARROW target_list SEMICOLON .)
    MEASURE         reduce using rule 43 (measure_stmt -> MEASURE target_list ARROW target_list SEMICOLON .)
    SELECT          reduce using rule 43 (measure_stmt -> MEASURE target_list ARROW target_list SEMICOLON .)
    GATE            reduce using rule 43 (measure_stmt -> MEASURE target_list ARROW target_list SEMICOLON .)
    INPUT           reduce using rule 43 (measure_stmt -> MEASURE target_list ARROW target_list SEMICOLON .)
    CONST           reduce using rule 43 (measure_stmt -> MEASURE target_list ARROW target_list SEMICOLON .)
    $end            reduce using rule 43 (measure_stmt -> MEASURE target_list ARROW target_list SEMICOLON .)
    RBRACE          reduce using rule 43 (measure_stmt -> MEASURE target_list ARROW target_list SEMICOLON .)


state 125

    (25) target_tail -> COMMA single_target target_tail .

    ARROW           reduce using rule 25 (target_tail -> COMMA single_target target_tail .)
    SEMICOLON       reduce using rule 25 (target_tail -> COMMA single_target target_tail .)


state 126

    (34) qubit -> IDENT LBRACKET qubit_index RBRACKET .

    COMMA           reduce using rule 34 (qubit -> IDENT LBRACKET qubit_index RBRACKET .)
    ARROW           reduce using rule 34 (qubit -> IDENT LBRACKET qubit_index RBRACKET .)
    SEMICOLON       reduce using rule 34 (qubit -> IDENT LBRACKET qubit_index RBRACKET .)


state 127

    (37) qubit_index -> INT COLON . INT

    INT             shift and go to state 168


state 128

    (38) qubit_index -> MINUS INT .
    (39) qubit_index -> MINUS INT . COLON INT
    (40) qubit_index -> MINUS INT . COLON MINUS INT

    RBRACKET        reduce using rule 38 (qubit_index -> MINUS INT .)
    COLON           shift and go to state 169


state 129

    (42) qubit_index -> MINUS IDENT .

    RBRACKET        reduce using rule 42 (qubit_index -> MINUS IDENT .)


state 130

    (32) select_expr -> SELECT IDENT FROM IDENT . where_clause
    (22) where_clause -> . WHERE expr
    (23) where_clause -> . empty
    (85) empty -> .

    WHERE           shift and go to state 133
    COMMA           reduce using rule 85 (empty -> .)
    ARROW           reduce using rule 85 (empty -> .)
    SEMICOLON       reduce using rule 85 (empty -> .)

    where_clause                   shift and go to state 170
    empty                          shift and go to state 134

state 131

    (31) all_from -> ALL FROM IDENT WHERE . expr
    (50) expr -> . expr AND expr
    (51) expr -> . expr OR expr
    (52) expr -> . expr EQEQ expr
    (53) expr -> . expr NE expr
    (54) expr -> . expr LT expr
    (55) expr -> . expr GT expr
    (56) expr -> . expr LE expr
    (57) expr -> . expr GE expr
    (58) expr -> . expr PLUS expr
    (59) expr -> . expr MINUS expr
    (60) expr -> . expr STAR expr
    (61) expr -> . expr DIVIDE expr
    (62) expr -> . expr PERCENT expr
    (63) expr -> . expr POWER expr
    (64) expr -> . MINUS expr
    (65) expr -> . LPAREN expr RPAREN
    (66) expr -> . INT
    (67) expr -> . FLOAT
    (68) expr -> . PI
    (69) expr -> . IDENT
    (70) expr -> . SIN LPAREN arg_list RPAREN
    (71) expr -> . COS LPAREN arg_list RPAREN
    (72) expr -> . TAN LPAREN arg_list RPAREN
    (73) expr -> . EXP LPAREN arg_list RPAREN
    (74) expr -> . LOG LPAREN arg_list RPAREN
    (75) expr -> . SQRT LPAREN arg_list RPAREN
    (76) expr -> . ABS LPAREN arg_list RPAREN
    (77) expr -> . ASIN LPAREN arg_list RPAREN
    (78) expr -> . ACOS LPAREN arg_list RPAREN
    (79) expr -> . ATAN LPAREN arg_list RPAREN
    (80) expr -> . IDENT LPAREN arg_list RPAREN

    MINUS           shift and go to state 60
    LPAREN          shift and go to state 55
    INT             shift and go to state 61
    FLOAT           shift and go to state 62
    PI              shift and go to state 63
    IDENT           shift and go to state 54
    SIN             shift and go to state 64
    COS             shift and go to state 65
    TAN             shift and go to state 66
    EXP             shift and go to state 67
    LOG             shift and go to state 68
    SQRT            shift and go to state 69
    ABS             shift and go to state 70
    ASIN            shift and go to state 71
    ACOS            shift and go to state 72
    ATAN            shift and go to state 73

    expr                           shift and go to state 171

state 132

    (21) select_stmt -> SELECT IDENT FROM IDENT where_clause . SEMICOLON

    SEMICOLON       shift and go to state 172


state 133

    (22) where_clause -> WHERE . expr
    (50) expr -> . expr AND expr
    (51) expr -> . expr OR expr
    (52) expr -> . expr EQEQ expr
    (53) expr -> . expr NE expr
    (54) expr -> . expr LT expr
    (55) expr -> . expr GT expr
    (56) expr -> . expr LE expr
    (57) expr -> . expr GE expr
    (58) expr -> . expr PLUS expr
    (59) expr -> . expr MINUS expr
    (60) expr -> . expr STAR expr
    (61) expr -> . expr DIVIDE expr
    (62) expr -> . expr PERCENT expr
    (63) expr -> . expr POWER expr
    (64) expr -> . MINUS expr
    (65) expr -> . LPAREN expr RPAREN
    (66) expr -> . INT
    (67) expr -> . FLOAT
    (68) expr -> . PI
    (69) expr -> . IDENT
    (70) expr -> . SIN LPAREN arg_list RPAREN
    (71) expr -> . COS LPAREN arg_list RPAREN
    (72) expr -> . TAN LPAREN arg_list RPAREN
    (73) expr -> . EXP LPAREN arg_list RPAREN
    (74) expr -> . LOG LPAREN arg_list RPAREN
    (75) expr -> . SQRT LPAREN arg_list RPAREN
    (76) expr -> . ABS LPAREN arg_list RPAREN
    (77) expr -> . ASIN LPAREN arg_list RPAREN
    (78) expr -> . ACOS LPAREN arg_list RPAREN
    (79) expr -> . ATAN LPAREN arg_list RPAREN
    (80) expr -> . IDENT LPAREN arg_list RPAREN

    MINUS           shift and go to state 60
    LPAREN          shift and go to state 55
    INT             shift and go to state 61
    FLOAT           shift and go to state 62
    PI              shift and go to state 63
    IDENT           shift and go to state 54
    SIN             shift and go to state 64
    COS             shift and go to state 65
    TAN             shift and go to state 66
    EXP             shift and go to state 67
    LOG             shift and go to state 68
    SQRT            shift and go to state 69
    ABS             shift and go to state 70
    ASIN            shift and go to state 71
    ACOS            shift and go to state 72
    ATAN            shift and go to state 73

    expr                           shift and go to state 173

state 134

    (23) where_clause -> empty .

    SEMICOLON       reduce using rule 23 (where_clause -> empty .)
    COMMA           reduce using rule 23 (where_clause -> empty .)
    ARROW           reduce using rule 23 (where_clause -> empty .)


state 135

    (49) param_tail -> IDENT COMMA . param_tail
    (48) param_tail -> . IDENT
    (49) param_tail -> . IDENT COMMA param_tail

    IDENT           shift and go to state 84

    param_tail                     shift and go to state 174

state 136

    (45) gate_def -> GATE IDENT LPAREN param_list RPAREN . LBRACE statement_list RBRACE

    LBRACE          shift and go to state 175


state 137

    (11) const_decl -> CONST IDENT ASSIGN expr SEMICOLON .

    CREATE          reduce using rule 11 (const_decl -> CONST IDENT ASSIGN expr SEMICOLON .)
    APPLY           reduce using rule 11 (const_decl -> CONST IDENT ASSIGN expr SEMICOLON .)
    MEASURE         reduce using rule 11 (const_decl -> CONST IDENT ASSIGN expr SEMICOLON .)
    SELECT          reduce using rule 11 (const_decl -> CONST IDENT ASSIGN expr SEMICOLON .)
    GATE            reduce using rule 11 (const_decl -> CONST IDENT ASSIGN expr SEMICOLON .)
    INPUT           reduce using rule 11 (const_decl -> CONST IDENT ASSIGN expr SEMICOLON .)
    CONST           reduce using rule 11 (const_decl -> CONST IDENT ASSIGN expr SEMICOLON .)
    $end            reduce using rule 11 (const_decl -> CONST IDENT ASSIGN expr SEMICOLON .)
    RBRACE          reduce using rule 11 (const_decl -> CONST IDENT ASSIGN expr SEMICOLON .)


state 138

    (12) create_stmt -> CREATE QUBITS IDENT LBRACKET size_expr RBRACKET . SEMICOLON

    SEMICOLON       shift and go to state 176


state 139

    (16) size_expr -> MINUS INT .

    RBRACKET        reduce using rule 16 (size_expr -> MINUS INT .)


state 140

    (13) create_stmt -> CREATE BITS IDENT LBRACKET size_expr RBRACKET . SEMICOLON

    SEMICOLON       shift and go to state 177


state 141

    (80) expr -> IDENT LPAREN arg_list . RPAREN

    RPAREN          shift and go to state 178


state 142

    (65) expr -> LPAREN expr RPAREN .

    COMMA           reduce using rule 65 (expr -> LPAREN expr RPAREN .)
    AND             reduce using rule 65 (expr -> LPAREN expr RPAREN .)
    OR              reduce using rule 65 (expr -> LPAREN expr RPAREN .)
    EQEQ            reduce using rule 65 (expr -> LPAREN expr RPAREN .)
    NE              reduce using rule 65 (expr -> LPAREN expr RPAREN .)
    LT              reduce using rule 65 (expr -> LPAREN expr RPAREN .)
    GT              reduce using rule 65 (expr -> LPAREN expr RPAREN .)
    LE              reduce using rule 65 (expr -> LPAREN expr RPAREN .)
    GE              reduce using rule 65 (expr -> LPAREN expr RPAREN .)
    PLUS            reduce using rule 65 (expr -> LPAREN expr RPAREN .)
    MINUS           reduce using rule 65 (expr -> LPAREN expr RPAREN .)
    STAR            reduce using rule 65 (expr -> LPAREN expr RPAREN .)
    DIVIDE          reduce using rule 65 (expr -> LPAREN expr RPAREN .)
    PERCENT         reduce using rule 65 (expr -> LPAREN expr RPAREN .)
    POWER           reduce using rule 65 (expr -> LPAREN expr RPAREN .)
    RPAREN          reduce using rule 65 (expr -> LPAREN expr RPAREN .)
    SEMICOLON       reduce using rule 65 (expr -> LPAREN expr RPAREN .)
    ARROW           reduce using rule 65 (expr -> LPAREN expr RPAREN .)


state 143

    (84) expr_list -> expr COMMA expr_list .

    RPAREN          reduce using rule 84 (expr_list -> expr COMMA expr_list .)


state 144

    (50) expr -> expr AND expr .
    (50) expr -> expr . AND expr
    (51) expr -> expr . OR expr
    (52) expr -> expr . EQEQ expr
    (53) expr -> expr . NE expr
    (54) expr -> expr . LT expr
    (55) expr -> expr . GT expr
    (56) expr -> expr . LE expr
    (57) expr -> expr . GE expr
    (58) expr -> expr . PLUS expr
    (59) expr -> expr . MINUS expr
    (60) expr -> expr . STAR expr
    (61) expr -> expr . DIVIDE expr
    (62) expr -> expr . PERCENT expr
    (63) expr -> expr . POWER expr

    COMMA           reduce using rule 50 (expr -> expr AND expr .)
    AND             reduce using rule 50 (expr -> expr AND expr .)
    OR              reduce using rule 50 (expr -> expr AND expr .)
    RPAREN          reduce using rule 50 (expr -> expr AND expr .)
    SEMICOLON       reduce using rule 50 (expr -> expr AND expr .)
    ARROW           reduce using rule 50 (expr -> expr AND expr .)
    EQEQ            shift and go to state 101
    NE              shift and go to state 102
    LT              shift and go to state 103
    GT              shift and go to state 104
    LE              shift and go to state 105
    GE              shift and go to state 106
    PLUS            shift and go to state 107
    MINUS           shift and go to state 108
    STAR            shift and go to state 109
    DIVIDE          shift and go to state 110
    PERCENT         shift and go to state 111
    POWER           shift and go to state 112

  ! EQEQ            [ reduce using rule 50 (expr -> expr AND expr .) ]
  ! NE              [ reduce using rule 50 (expr -> expr AND expr .) ]
  ! LT              [ reduce using rule 50 (expr -> expr AND expr .) ]
  ! GT              [ reduce using rule 50 (expr -> expr AND expr .) ]
  ! LE              [ reduce using rule 50 (expr -> expr AND expr .) ]
  ! GE              [ reduce using rule 50 (expr -> expr AND expr .) ]
  ! PLUS            [ reduce using rule 50 (expr -> expr AND expr .) ]
  ! MINUS           [ reduce using rule 50 (expr -> expr AND expr .) ]
  ! STAR            [ reduce using rule 50 (expr -> expr AND expr .) ]
  ! DIVIDE          [ reduce using rule 50 (expr -> expr AND expr .) ]
  ! PERCENT         [ reduce using rule 50 (expr -> expr AND expr .) ]
  ! POWER           [ reduce using rule 50 (expr -> expr AND expr .) ]
  ! AND             [ shift and go to state 99 ]
  ! OR              [ shift and go to state 100 ]


state 145

    (51) expr -> expr OR expr .
    (50) expr -> expr . AND expr
    (51) expr -> expr . OR expr
    (52) expr -> expr . EQEQ expr
    (53) expr -> expr . NE expr
    (54) expr -> expr . LT expr
    (55) expr -> expr . GT expr
    (56) expr -> expr . LE expr
    (57) expr -> expr . GE expr
    (58) expr -> expr . PLUS expr
    (59) expr -> expr . MINUS expr
    (60) expr -> expr . STAR expr
    (61) expr -> expr . DIVIDE expr
    (62) expr -> expr . PERCENT expr
    (63) expr -> expr . POWER expr

    COMMA           reduce using rule 51 (expr -> expr OR expr .)
    OR              reduce using rule 51 (expr -> expr OR expr .)
    RPAREN          reduce using rule 51 (expr -> expr OR expr .)
    SEMICOLON       reduce using rule 51 (expr -> expr OR expr .)
    ARROW           reduce using rule 51 (expr -> expr OR expr .)
    AND             shift and go to state 99
    EQEQ            shift and go to state 101
    NE              shift and go to state 102
    LT              shift and go to state 103
    GT              shift and go to state 104
    LE              shift and go to state 105
    GE              shift and go to state 106
    PLUS            shift and go to state 107
    MINUS           shift and go to state 108
    STAR            shift and go to state 109
    DIVIDE          shift and go to state 110
    PERCENT         shift and go to state 111
    POWER           shift and go to state 112

  ! AND             [ reduce using rule 51 (expr -> expr OR expr .) ]
  ! EQEQ            [ reduce using rule 51 (expr -> expr OR expr .) ]
  ! NE              [ reduce using rule 51 (expr -> expr OR expr .) ]
  ! LT              [ reduce using rule 51 (expr -> expr OR expr .) ]
  ! GT              [ reduce using rule 51 (expr -> expr OR expr .) ]
  ! LE              [ reduce using rule 51 (expr -> expr OR expr .) ]
  ! GE              [ reduce using rule 51 (expr -> expr OR expr .) ]
  ! PLUS            [ reduce using rule 51 (expr -> expr OR expr .) ]
  ! MINUS           [ reduce using rule 51 (expr -> expr OR expr .) ]
  ! STAR            [ reduce using rule 51 (expr -> expr OR expr .) ]
  ! DIVIDE          [ reduce using rule 51 (expr -> expr OR expr .) ]
  ! PERCENT         [ reduce using rule 51 (expr -> expr OR expr .) ]
  ! POWER           [ reduce using rule 51 (expr -> expr OR expr .) ]
  ! OR              [ shift and go to state 100 ]


state 146

    (52) expr -> expr EQEQ expr .
    (50) expr -> expr . AND expr
    (51) expr -> expr . OR expr
    (52) expr -> expr . EQEQ expr
    (53) expr -> expr . NE expr
    (54) expr -> expr . LT expr
    (55) expr -> expr . GT expr
    (56) expr -> expr . LE expr
    (57) expr -> expr . GE expr
    (58) expr -> expr . PLUS expr
    (59) expr -> expr . MINUS expr
    (60) expr -> expr . STAR expr
    (61) expr -> expr . DIVIDE expr
    (62) expr -> expr . PERCENT expr
    (63) expr -> expr . POWER expr

    COMMA           reduce using rule 52 (expr -> expr EQEQ expr .)
    AND             reduce using rule 52 (expr -> expr EQEQ expr .)
    OR              reduce using rule 52 (expr -> expr EQEQ expr .)
    EQEQ            reduce using rule 52 (expr -> expr EQEQ expr .)
    NE              reduce using rule 52 (expr -> expr EQEQ expr .)
    LT              reduce using rule 52 (expr -> expr EQEQ expr .)
    GT              reduce using rule 52 (expr -> expr EQEQ expr .)
    LE              reduce using rule 52 (expr -> expr EQEQ expr .)
    GE              reduce using rule 52 (expr -> expr EQEQ expr .)
    RPAREN          reduce using rule 52 (expr -> expr EQEQ expr .)
    SEMICOLON       reduce using rule 52 (expr -> expr EQEQ expr .)
    ARROW           reduce using rule 52 (expr -> expr EQEQ expr .)
    PLUS            shift and go to state 107
    MINUS           shift and go to state 108
    STAR            shift and go to state 109
    DIVIDE          shift and go to state 110
    PERCENT         shift and go to state 111
    POWER           shift and go to state 112

  ! PLUS            [ reduce using rule 52 (expr -> expr EQEQ expr .) ]
  ! MINUS           [ reduce using rule 52 (expr -> expr EQEQ expr .) ]
  ! STAR            [ reduce using rule 52 (expr -> expr EQEQ expr .) ]
  ! DIVIDE          [ reduce using rule 52 (expr -> expr EQEQ expr .) ]
  ! PERCENT         [ reduce using rule 52 (expr -> expr EQEQ expr .) ]
  ! POWER           [ reduce using rule 52 (expr -> expr EQEQ expr .) ]
  ! AND             [ shift and go to state 99 ]
  ! OR              [ shift and go to state 100 ]
  ! EQEQ            [ shift and go to state 101 ]
  ! NE              [ shift and go to state 102 ]
  ! LT              [ shift and go to state 103 ]
  ! GT              [ shift and go to state 104 ]
  ! LE              [ shift and go to state 105 ]
  ! GE              [ shift and go to state 106 ]


state 147

    (53) expr -> expr NE expr .
    (50) expr -> expr . AND expr
    (51) expr -> expr . OR expr
    (52) expr -> expr . EQEQ expr
    (53) expr -> expr . NE expr
    (54) expr -> expr . LT expr
    (55) expr -> expr . GT expr
    (56) expr -> expr . LE expr
    (57) expr -> expr . GE expr
    (58) expr -> expr . PLUS expr
    (59) expr -> expr . MINUS expr
    (60) expr -> expr . STAR expr
    (61) expr -> expr . DIVIDE expr
    (62) expr -> expr . PERCENT expr
    (63) expr -> expr . POWER expr

    COMMA           reduce using rule 53 (expr -> expr NE expr .)
    AND             reduce using rule 53 (expr -> expr NE expr .)
    OR              reduce using rule 53 (expr -> expr NE expr .)
    EQEQ            reduce using rule 53 (expr -> expr NE expr .)
    NE              reduce using rule 53 (expr -> expr NE expr .)
    LT              reduce using rule 53 (expr -> expr NE expr .)
    GT              reduce using rule 53 (expr -> expr NE expr .)
    LE              reduce using rule 53 (expr -> expr NE expr .)
    GE              reduce using rule 53 (expr -> expr NE expr .)
    RPAREN          reduce using rule 53 (expr -> expr NE expr .)
    SEMICOLON       reduce using rule 53 (expr -> expr NE expr .)
    ARROW           reduce using rule 53 (expr -> expr NE expr .)
    PLUS            shift and go to state 107
    MINUS           shift and go to state 108
    STAR            shift and go to state 109
    DIVIDE          shift and go to state 110
    PERCENT         shift and go to state 111
    POWER           shift and go to state 112

  ! PLUS            [ reduce using rule 53 (expr -> expr NE expr .) ]
  ! MINUS           [ reduce using rule 53 (expr -> expr NE expr .) ]
  ! STAR            [ reduce using rule 53 (expr -> expr NE expr .) ]
  ! DIVIDE          [ reduce using rule 53 (expr -> expr NE expr .) ]
  ! PERCENT         [ reduce using rule 53 (expr -> expr NE expr .) ]
  ! POWER           [ reduce using rule 53 (expr -> expr NE expr .) ]
  ! AND             [ shift and go to state 99 ]
  ! OR              [ shift and go to state 100 ]
  ! EQEQ            [ shift and go to state 101 ]
  ! NE              [ shift and go to state 102 ]
  ! LT              [ shift and go to state 103 ]
  ! GT              [ shift and go to state 104 ]
  ! LE              [ shift and go to state 105 ]
  ! GE              [ shift and go to state 106 ]


state 148

    (54) expr -> expr LT expr .
    (50) expr -> expr . AND expr
    (51) expr -> expr . OR expr
    (52) expr -> expr . EQEQ expr
    (53) expr -> expr . NE expr
    (54) expr -> expr . LT expr
    (55) expr -> expr . GT expr
    (56) expr -> expr . LE expr
    (57) expr -> expr . GE expr
    (58) expr -> expr . PLUS expr
    (59) expr -> expr . MINUS expr
    (60) expr -> expr . STAR expr
    (61) expr -> expr . DIVIDE expr
    (62) expr -> expr . PERCENT expr
    (63) expr -> expr . POWER expr

    COMMA           reduce using rule 54 (expr -> expr LT expr .)
    AND             reduce using rule 54 (expr -> expr LT expr .)
    OR              reduce using rule 54 (expr -> expr LT expr .)
    EQEQ            reduce using rule 54 (expr -> expr LT expr .)
    NE              reduce using rule 54 (expr -> expr LT expr .)
    LT              reduce using rule 54 (expr -> expr LT expr .)
    GT              reduce using rule 54 (expr -> expr LT expr .)
    LE              reduce using rule 54 (expr -> expr LT expr .)
    GE              reduce using rule 54 (expr -> expr LT expr .)
    RPAREN          reduce using rule 54 (expr -> expr LT expr .)
    SEMICOLON       reduce using rule 54 (expr -> expr LT expr .)
    ARROW           reduce using rule 54 (expr -> expr LT expr .)
    PLUS            shift and go to state 107
    MINUS           shift and go to state 108
    STAR            shift and go to state 109
    DIVIDE          shift and go to state 110
    PERCENT         shift and go to state 111
    POWER           shift and go to state 112

  ! PLUS            [ reduce using rule 54 (expr -> expr LT expr .) ]
  ! MINUS           [ reduce using rule 54 (expr -> expr LT expr .) ]
  ! STAR            [ reduce using rule 54 (expr -> expr LT expr .) ]
  ! DIVIDE          [ reduce using rule 54 (expr -> expr LT expr .) ]
  ! PERCENT         [ reduce using rule 54 (expr -> expr LT expr .) ]
  ! POWER           [ reduce using rule 54 (expr -> expr LT expr .) ]
  ! AND             [ shift and go to state 99 ]
  ! OR              [ shift and go to state 100 ]
  ! EQEQ            [ shift and go to state 101 ]
  ! NE              [ shift and go to state 102 ]
  ! LT              [ shift and go to state 103 ]
  ! GT              [ shift and go to state 104 ]
  ! LE              [ shift and go to state 105 ]
  ! GE              [ shift and go to state 106 ]


state 149

    (55) expr -> expr GT expr .
    (50) expr -> expr . AND expr
    (51) expr -> expr . OR expr
    (52) expr -> expr . EQEQ expr
    (53) expr -> expr . NE expr
    (54) expr -> expr . LT expr
    (55) expr -> expr . GT expr
    (56) expr -> expr . LE expr
    (57) expr -> expr . GE expr
    (58) expr -> expr . PLUS expr
    (59) expr -> expr . MINUS expr
    (60) expr -> expr . STAR expr
    (61) expr -> expr . DIVIDE expr
    (62) expr -> expr . PERCENT expr
    (63) expr -> expr . POWER expr

    COMMA           reduce using rule 55 (expr -> expr GT expr .)
    AND             reduce using rule 55 (expr -> expr GT expr .)
    OR              reduce using rule 55 (expr -> expr GT expr .)
    EQEQ            reduce using rule 55 (expr -> expr GT expr .)
    NE              reduce using rule 55 (expr -> expr GT expr .)
    LT              reduce using rule 55 (expr -> expr GT expr .)
    GT              reduce using rule 55 (expr -> expr GT expr .)
    LE              reduce using rule 55 (expr -> expr GT expr .)
    GE              reduce using rule 55 (expr -> expr GT expr .)
    RPAREN          reduce using rule 55 (expr -> expr GT expr .)
    SEMICOLON       reduce using rule 55 (expr -> expr GT expr .)
    ARROW           reduce using rule 55 (expr -> expr GT expr .)
    PLUS            shift and go to state 107
    MINUS           shift and go to state 108
    STAR            shift and go to state 109
    DIVIDE          shift and go to state 110
    PERCENT         shift and go to state 111
    POWER           shift and go to state 112

  ! PLUS            [ reduce using rule 55 (expr -> expr GT expr .) ]
  ! MINUS           [ reduce using rule 55 (expr -> expr GT expr .) ]
  ! STAR            [ reduce using rule 55 (expr -> expr GT expr .) ]
  ! DIVIDE          [ reduce using rule 55 (expr -> expr GT expr .) ]
  ! PERCENT         [ reduce using rule 55 (expr -> expr GT expr .) ]
  ! POWER           [ reduce using rule 55 (expr -> expr GT expr .) ]
  ! AND             [ shift and go to state 99 ]
  ! OR              [ shift and go to state 100 ]
  ! EQEQ            [ shift and go to state 101 ]
  ! NE              [ shift and go to state 102 ]
  ! LT              [ shift and go to state 103 ]
  ! GT              [ shift and go to state 104 ]
  ! LE              [ shift and go to state 105 ]
  ! GE              [ shift and go to state 106 ]


state 150

    (56) expr -> expr LE expr .
    (50) expr -> expr . AND expr
    (51) expr -> expr . OR expr
    (52) expr -> expr . EQEQ expr
    (53) expr -> expr . NE expr
    (54) expr -> expr . LT expr
    (55) expr -> expr . GT expr
    (56) expr -> expr . LE expr
    (57) expr -> expr . GE expr
    (58) expr -> expr . PLUS expr
    (59) expr -> expr . MINUS expr
    (60) expr -> expr . STAR expr
    (61) expr -> expr . DIVIDE expr
    (62) expr -> expr . PERCENT expr
    (63) expr -> expr . POWER expr

    COMMA           reduce using rule 56 (expr -> expr LE expr .)
    AND             reduce using rule 56 (expr -> expr LE expr .)
    OR              reduce using rule 56 (expr -> expr LE expr .)
    EQEQ            reduce using rule 56 (expr -> expr LE expr .)
    NE              reduce using rule 56 (expr -> expr LE expr .)
    LT              reduce using rule 56 (expr -> expr LE expr .)
    GT              reduce using rule 56 (expr -> expr LE expr .)
    LE              reduce using rule 56 (expr -> expr LE expr .)
    GE              reduce using rule 56 (expr -> expr LE expr .)
    RPAREN          reduce using rule 56 (expr -> expr LE expr .)
    SEMICOLON       reduce using rule 56 (expr -> expr LE expr .)
    ARROW           reduce using rule 56 (expr -> expr LE expr .)
    PLUS            shift and go to state 107
    MINUS           shift and go to state 108
    STAR            shift and go to state 109
    DIVIDE          shift and go to state 110
    PERCENT         shift and go to state 111
    POWER           shift and go to state 112

  ! PLUS            [ reduce using rule 56 (expr -> expr LE expr .) ]
  ! MINUS           [ reduce using rule 56 (expr -> expr LE expr .) ]
  ! STAR            [ reduce using rule 56 (expr -> expr LE expr .) ]
  ! DIVIDE          [ reduce using rule 56 (expr -> expr LE expr .) ]
  ! PERCENT         [ reduce using rule 56 (expr -> expr LE expr .) ]
  ! POWER           [ reduce using rule 56 (expr -> expr LE expr .) ]
  ! AND             [ shift and go to state 99 ]
  ! OR              [ shift and go to state 100 ]
  ! EQEQ            [ shift and go to state 101 ]
  ! NE              [ shift and go to state 102 ]
  ! LT              [ shift and go to state 103 ]
  ! GT              [ shift and go to state 104 ]
  ! LE              [ shift and go to state 105 ]
  ! GE              [ shift and go to state 106 ]


state 151

    (57) expr -> expr GE expr .
    (50) expr -> expr . AND expr
    (51) expr -> expr . OR expr
    (52) expr -> expr . EQEQ expr
    (53) expr -> expr . NE expr
    (54) expr -> expr . LT expr
    (55) expr -> expr . GT expr
    (56) expr -> expr . LE expr
    (57) expr -> expr . GE expr
    (58) expr -> expr . PLUS expr
    (59) expr -> expr . MINUS expr
    (60) expr -> expr . STAR expr
    (61) expr -> expr . DIVIDE expr
    (62) expr -> expr . PERCENT expr
    (63) expr -> expr . POWER expr

    COMMA           reduce using rule 57 (expr -> expr GE expr .)
    AND             reduce using rule 57 (expr -> expr GE expr .)
    OR              reduce using rule 57 (expr -> expr GE expr .)
    EQEQ            reduce using rule 57 (expr -> expr GE expr .)
    NE              reduce using rule 57 (expr -> expr GE expr .)
    LT              reduce using rule 57 (expr -> expr GE expr .)
    GT              reduce using rule 57 (expr -> expr GE expr .)
    LE              reduce using rule 57 (expr -> expr GE expr .)
    GE              reduce using rule 57 (expr -> expr GE expr .)
    RPAREN          reduce using rule 57 (expr -> expr GE expr .)
    SEMICOLON       reduce using rule 57 (expr -> expr GE expr .)
    ARROW           reduce using rule 57 (expr -> expr GE expr .)
    PLUS            shift and go to state 107
    MINUS           shift and go to state 108
    STAR            shift and go to state 109
    DIVIDE          shift and go to state 110
    PERCENT         shift and go to state 111
    POWER           shift and go to state 112

  ! PLUS            [ reduce using rule 57 (expr -> expr GE expr .) ]
  ! MINUS           [ reduce using rule 57 (expr -> expr GE expr .) ]
  ! STAR            [ reduce using rule 57 (expr -> expr GE expr .) ]
  ! DIVIDE          [ reduce using rule 57 (expr -> expr GE expr .) ]
  ! PERCENT         [ reduce using rule 57 (expr -> expr GE expr .) ]
  ! POWER           [ reduce using rule 57 (expr -> expr GE expr .) ]
  ! AND             [ shift and go to state 99 ]
  ! OR              [ shift and go to state 100 ]
  ! EQEQ            [ shift and go to state 101 ]
  ! NE              [ shift and go to state 102 ]
  ! LT              [ shift and go to state 103 ]
  ! GT              [ shift and go to state 104 ]
  ! LE              [ shift and go to state 105 ]
  ! GE              [ shift and go to state 106 ]


state 152

    (58) expr -> expr PLUS expr .
    (50) expr -> expr . AND expr
    (51) expr -> expr . OR expr
    (52) expr -> expr . EQEQ expr
    (53) expr -> expr . NE expr
    (54) expr -> expr . LT expr
    (55) expr -> expr . GT expr
    (56) expr -> expr . LE expr
    (57) expr -> expr . GE expr
    (58) expr -> expr . PLUS expr
    (59) expr -> expr . MINUS expr
    (60) expr -> expr . STAR expr
    (61) expr -> expr . DIVIDE expr
    (62) expr -> expr . PERCENT expr
    (63) expr -> expr . POWER expr

    COMMA           reduce using rule 58 (expr -> expr PLUS expr .)
    AND             reduce using rule 58 (expr -> expr PLUS expr .)
    OR              reduce using rule 58 (expr -> expr PLUS expr .)
    EQEQ            reduce using rule 58 (expr -> expr PLUS expr .)
    NE              reduce using rule 58 (expr -> expr PLUS expr .)
    LT              reduce using rule 58 (expr -> expr PLUS expr .)
    GT              reduce using rule 58 (expr -> expr PLUS expr .)
    LE              reduce using rule 58 (expr -> expr PLUS expr .)
    GE              reduce using rule 58 (expr -> expr PLUS expr .)
    PLUS            reduce using rule 58 (expr -> expr PLUS expr .)
    MINUS           reduce using rule 58 (expr -> expr PLUS expr .)
    RPAREN          reduce using rule 58 (expr -> expr PLUS expr .)
    SEMICOLON       reduce using rule 58 (expr -> expr PLUS expr .)
    ARROW           reduce using rule 58 (expr -> expr PLUS expr .)
    STAR            shift and go to state 109
    DIVIDE          shift and go to state 110
    PERCENT         shift and go to state 111
    POWER           shift and go to state 112

  ! STAR            [ reduce using rule 58 (expr -> expr PLUS expr .) ]
  ! DIVIDE          [ reduce using rule 58 (expr -> expr PLUS expr .) ]
  ! PERCENT         [ reduce using rule 58 (expr -> expr PLUS expr .) ]
  ! POWER           [ reduce using rule 58 (expr -> expr PLUS expr .) ]
  ! AND             [ shift and go to state 99 ]
  ! OR              [ shift and go to state 100 ]
  ! EQEQ            [ shift and go to state 101 ]
  ! NE              [ shift and go to state 102 ]
  ! LT              [ shift and go to state 103 ]
  ! GT              [ shift and go to state 104 ]
  ! LE              [ shift and go to state 105 ]
  ! GE              [ shift and go to state 106 ]
  ! PLUS            [ shift and go to state 107 ]
  ! MINUS           [ shift and go to state 108 ]


state 153

    (59) expr -> expr MINUS expr .
    (50) expr -> expr . AND expr
    (51) expr -> expr . OR expr
    (52) expr -> expr . EQEQ expr
    (53) expr -> expr . NE expr
    (54) expr -> expr . LT expr
    (55) expr -> expr . GT expr
    (56) expr -> expr . LE expr
    (57) expr -> expr . GE expr
    (58) expr -> expr . PLUS expr
    (59) expr -> expr . MINUS expr
    (60) expr -> expr . STAR expr
    (61) expr -> expr . DIVIDE expr
    (62) expr -> expr . PERCENT expr
    (63) expr -> expr . POWER expr

    COMMA           reduce using rule 59 (expr -> expr MINUS expr .)
    AND             reduce using rule 59 (expr -> expr MINUS expr .)
    OR              reduce using rule 59 (expr -> expr MINUS expr .)
    EQEQ            reduce using rule 59 (expr -> expr MINUS expr .)
    NE              reduce using rule 59 (expr -> expr MINUS expr .)
    LT              reduce using rule 59 (expr -> expr MINUS expr .)
    GT              reduce using rule 59 (expr -> expr MINUS expr .)
    LE              reduce using rule 59 (expr -> expr MINUS expr .)
    GE              reduce using rule 59 (expr -> expr MINUS expr .)
    PLUS            reduce using rule 59 (expr -> expr MINUS expr .)
    MINUS           reduce using rule 59 (expr -> expr MINUS expr .)
    RPAREN          reduce using rule 59 (expr -> expr MINUS expr .)
    SEMICOLON       reduce using rule 59 (expr -> expr MINUS expr .)
    ARROW           reduce using rule 59 (expr -> expr MINUS expr .)
    STAR            shift and go to state 109
    DIVIDE          shift and go to state 110
    PERCENT         shift and go to state 111
    POWER           shift and go to state 112

  ! STAR            [ reduce using rule 59 (expr -> expr MINUS expr .) ]
  ! DIVIDE          [ reduce using rule 59 (expr -> expr MINUS expr .) ]
  ! PERCENT         [ reduce using rule 59 (expr -> expr MINUS expr .) ]
  ! POWER           [ reduce using rule 59 (expr -> expr MINUS expr .) ]
  ! AND             [ shift and go to state 99 ]
  ! OR              [ shift and go to state 100 ]
  ! EQEQ            [ shift and go to state 101 ]
  ! NE              [ shift and go to state 102 ]
  ! LT              [ shift and go to state 103 ]
  ! GT              [ shift and go to state 104 ]
  ! LE              [ shift and go to state 105 ]
  ! GE              [ shift and go to state 106 ]
  ! PLUS            [ shift and go to state 107 ]
  ! MINUS           [ shift and go to state 108 ]


state 154

    (60) expr -> expr STAR expr .
    (50) expr -> expr . AND expr
    (51) expr -> expr . OR expr
    (52) expr -> expr . EQEQ expr
    (53) expr -> expr . NE expr
    (54) expr -> expr . LT expr
    (55) expr -> expr . GT expr
    (56) expr -> expr . LE expr
    (57) expr -> expr . GE expr
    (58) expr -> expr . PLUS expr
    (59) expr -> expr . MINUS expr
    (60) expr -> expr . STAR expr
    (61) expr -> expr . DIVIDE expr
    (62) expr -> expr . PERCENT expr
    (63) expr -> expr . POWER expr

    COMMA           reduce using rule 60 (expr -> expr STAR expr .)
    AND             reduce using rule 60 (expr -> expr STAR expr .)
    OR              reduce using rule 60 (expr -> expr STAR expr .)
    EQEQ            reduce using rule 60 (expr -> expr STAR expr .)
    NE              reduce using rule 60 (expr -> expr STAR expr .)
    LT              reduce using rule 60 (expr -> expr STAR expr .)
    GT              reduce using rule 60 (expr -> expr STAR expr .)
    LE              reduce using rule 60 (expr -> expr STAR expr .)
    GE              reduce using rule 60 (expr -> expr STAR expr .)
    PLUS            reduce using rule 60 (expr -> expr STAR expr .)
    MINUS           reduce using rule 60 (expr -> expr STAR expr .)
    STAR            reduce using rule 60 (expr -> expr STAR expr .)
    DIVIDE          reduce using rule 60 (expr -> expr STAR expr .)
    PERCENT         reduce using rule 60 (expr -> expr STAR expr .)
    RPAREN          reduce using rule 60 (expr -> expr STAR expr .)
    SEMICOLON       reduce using rule 60 (expr -> expr STAR expr .)
    ARROW           reduce using rule 60 (expr -> expr STAR expr .)
    POWER           shift and go to state 112

  ! POWER           [ reduce using rule 60 (expr -> expr STAR expr .) ]
  ! AND             [ shift and go to state 99 ]
  ! OR              [ shift and go to state 100 ]
  ! EQEQ            [ shift and go to state 101 ]
  ! NE              [ shift and go to state 102 ]
  ! LT              [ shift and go to state 103 ]
  ! GT              [ shift and go to state 104 ]
  ! LE              [ shift and go to state 105 ]
  ! GE              [ shift and go to state 106 ]
  ! PLUS            [ shift and go to state 107 ]
  ! MINUS           [ shift and go to state 108 ]
  ! STAR            [ shift and go to state 109 ]
  ! DIVIDE          [ shift and go to state 110 ]
  ! PERCENT         [ shift and go to state 111 ]


state 155

    (61) expr -> expr DIVIDE expr .
    (50) expr -> expr . AND expr
    (51) expr -> expr . OR expr
    (52) expr -> expr . EQEQ expr
    (53) expr -> expr . NE expr
    (54) expr -> expr . LT expr
    (55) expr -> expr . GT expr
    (56) expr -> expr . LE expr
    (57) expr -> expr . GE expr
    (58) expr -> expr . PLUS expr
    (59) expr -> expr . MINUS expr
    (60) expr -> expr . STAR expr
    (61) expr -> expr . DIVIDE expr
    (62) expr -> expr . PERCENT expr
    (63) expr -> expr . POWER expr

    COMMA           reduce using rule 61 (expr -> expr DIVIDE expr .)
    AND             reduce using rule 61 (expr -> expr DIVIDE expr .)
    OR              reduce using rule 61 (expr -> expr DIVIDE expr .)
    EQEQ            reduce using rule 61 (expr -> expr DIVIDE expr .)
    NE              reduce using rule 61 (expr -> expr DIVIDE expr .)
    LT              reduce using rule 61 (expr -> expr DIVIDE expr .)
    GT              reduce using rule 61 (expr -> expr DIVIDE expr .)
    LE              reduce using rule 61 (expr -> expr DIVIDE expr .)
    GE              reduce using rule 61 (expr -> expr DIVIDE expr .)
    PLUS            reduce using rule 61 (expr -> expr DIVIDE expr .)
    MINUS           reduce using rule 61 (expr -> expr DIVIDE expr .)
    STAR            reduce using rule 61 (expr -> expr DIVIDE expr .)
    DIVIDE          reduce using rule 61 (expr -> expr DIVIDE expr .)
    PERCENT         reduce using rule 61 (expr -> expr DIVIDE expr .)
    RPAREN          reduce using rule 61 (expr -> expr DIVIDE expr .)
    SEMICOLON       reduce using rule 61 (expr -> expr DIVIDE expr .)
    ARROW           reduce using rule 61 (expr -> expr DIVIDE expr .)
    POWER           shift and go to state 112

  ! POWER           [ reduce using rule 61 (expr -> expr DIVIDE expr .) ]
  ! AND             [ shift and go to state 99 ]
  ! OR              [ shift and go to state 100 ]
  ! EQEQ            [ shift and go to state 101 ]
  ! NE              [ shift and go to state 102 ]
  ! LT              [ shift and go to state 103 ]
  ! GT              [ shift and go to state 104 ]
  ! LE              [ shift and go to state 105 ]
  ! GE              [ shift and go to state 106 ]
  ! PLUS            [ shift and go to state 107 ]
  ! MINUS           [ shift and go to state 108 ]
  ! STAR            [ shift and go to state 109 ]
  ! DIVIDE          [ shift and go to state 110 ]
  ! PERCENT         [ shift and go to state 111 ]


state 156

    (62) expr -> expr PERCENT expr .
    (50) expr -> expr . AND expr
    (51) expr -> expr . OR expr
    (52) expr -> expr . EQEQ expr
    (53) expr -> expr . NE expr
    (54) expr -> expr . LT expr
    (55) expr -> expr . GT expr
    (56) expr -> expr . LE expr
    (57) expr -> expr . GE expr
    (58) expr -> expr . PLUS expr
    (59) expr -> expr . MINUS expr
    (60) expr -> expr . STAR expr
    (61) expr -> expr . DIVIDE expr
    (62) expr -> expr . PERCENT expr
    (63) expr -> expr . POWER expr

    COMMA           reduce using rule 62 (expr -> expr PERCENT expr .)
    AND             reduce using rule 62 (expr -> expr PERCENT expr .)
    OR              reduce using rule 62 (expr -> expr PERCENT expr .)
    EQEQ            reduce using rule 62 (expr -> expr PERCENT expr .)
    NE              reduce using rule 62 (expr -> expr PERCENT expr .)
    LT              reduce using rule 62 (expr -> expr PERCENT expr .)
    GT              reduce using rule 62 (expr -> expr PERCENT expr .)
    LE              reduce using rule 62 (expr -> expr PERCENT expr .)
    GE              reduce using rule 62 (expr -> expr PERCENT expr .)
    PLUS            reduce using rule 62 (expr -> expr PERCENT expr .)
    MINUS           reduce using rule 62 (expr -> expr PERCENT expr .)
    STAR            reduce using rule 62 (expr -> expr PERCENT expr .)
    DIVIDE          reduce using rule 62 (expr -> expr PERCENT expr .)
    PERCENT         reduce using rule 62 (expr -> expr PERCENT expr .)
    RPAREN          reduce using rule 62 (expr -> expr PERCENT expr .)
    SEMICOLON       reduce using rule 62 (expr -> expr PERCENT expr .)
    ARROW           reduce using rule 62 (expr -> expr PERCENT expr .)
    POWER           shift and go to state 112

  ! POWER           [ reduce using rule 62 (expr -> expr PERCENT expr .) ]
  ! AND             [ shift and go to state 99 ]
  ! OR              [ shift and go to state 100 ]
  ! EQEQ            [ shift and go to state 101 ]
  ! NE              [ shift and go to state 102 ]
  ! LT              [ shift and go to state 103 ]
  ! GT              [ shift and go to state 104 ]
  ! LE              [ shift and go to state 105 ]
  ! GE              [ shift and go to state 106 ]
  ! PLUS            [ shift and go to state 107 ]
  ! MINUS           [ shift and go to state 108 ]
  ! STAR            [ shift and go to state 109 ]
  ! DIVIDE          [ shift and go to state 110 ]
  ! PERCENT         [ shift and go to state 111 ]


state 157

    (63) expr -> expr POWER expr .
    (50) expr -> expr . AND expr
    (51) expr -> expr . OR expr
    (52) expr -> expr . EQEQ expr
    (53) expr -> expr . NE expr
    (54) expr -> expr . LT expr
    (55) expr -> expr . GT expr
    (56) expr -> expr . LE expr
    (57) expr -> expr . GE expr
    (58) expr -> expr . PLUS expr
    (59) expr -> expr . MINUS expr
    (60) expr -> expr . STAR expr
    (61) expr -> expr . DIVIDE expr
    (62) expr -> expr . PERCENT expr
    (63) expr -> expr . POWER expr

    COMMA           reduce using rule 63 (expr -> expr POWER expr .)
    AND             reduce using rule 63 (expr -> expr POWER expr .)
    OR              reduce using rule 63 (expr -> expr POWER expr .)
    EQEQ            reduce using rule 63 (expr -> expr POWER expr .)
    NE              reduce using rule 63 (expr -> expr POWER expr .)
    LT              reduce using rule 63 (expr -> expr POWER expr .)
    GT              reduce using rule 63 (expr -> expr POWER expr .)
    LE              reduce using rule 63 (expr -> expr POWER expr .)
    GE              reduce using rule 63 (expr -> expr POWER expr .)
    PLUS            reduce using rule 63 (expr -> expr POWER expr .)
    MINUS           reduce using rule 63 (expr -> expr POWER expr .)
    STAR            reduce using rule 63 (expr -> expr POWER expr .)
    DIVIDE          reduce using rule 63 (expr -> expr POWER expr .)
    PERCENT         reduce using rule 63 (expr -> expr POWER expr .)
    RPAREN          reduce using rule 63 (expr -> expr POWER expr .)
    SEMICOLON       reduce using rule 63 (expr -> expr POWER expr .)
    ARROW           reduce using rule 63 (expr -> expr POWER expr .)
    POWER           shift and go to state 112

  ! POWER           [ reduce using rule 63 (expr -> expr POWER expr .) ]
  ! AND             [ shift and go to state 99 ]
  ! OR              [ shift and go to state 100 ]
  ! EQEQ            [ shift and go to state 101 ]
  ! NE              [ shift and go to state 102 ]
  ! LT              [ shift and go to state 103 ]
  ! GT              [ shift and go to state 104 ]
  ! LE              [ shift and go to state 105 ]
  ! GE              [ shift and go to state 106 ]
  ! PLUS            [ shift and go to state 107 ]
  ! MINUS           [ shift and go to state 108 ]
  ! STAR            [ shift and go to state 109 ]
  ! DIVIDE          [ shift and go to state 110 ]
  ! PERCENT         [ shift and go to state 111 ]


state 158

    (70) expr -> SIN LPAREN arg_list . RPAREN

    RPAREN          shift and go to state 179


state 159

    (71) expr -> COS LPAREN arg_list . RPAREN

    RPAREN          shift and go to state 180


state 160

    (72) expr -> TAN LPAREN arg_list . RPAREN

    RPAREN          shift and go to state 181


state 161

    (73) expr -> EXP LPAREN arg_list . RPAREN

    RPAREN          shift and go to state 182


state 162

    (74) expr -> LOG LPAREN arg_list . RPAREN

    RPAREN          shift and go to state 183


state 163

    (75) expr -> SQRT LPAREN arg_list . RPAREN

    RPAREN          shift and go to state 184


state 164

    (76) expr -> ABS LPAREN arg_list . RPAREN

    RPAREN          shift and go to state 185


state 165

    (77) expr -> ASIN LPAREN arg_list . RPAREN

    RPAREN          shift and go to state 186


state 166

    (78) expr -> ACOS LPAREN arg_list . RPAREN

    RPAREN          shift and go to state 187


state 167

    (79) expr -> ATAN LPAREN arg_list . RPAREN

    RPAREN          shift and go to state 188


state 168

    (37) qubit_index -> INT COLON INT .

    RBRACKET        reduce using rule 37 (qubit_index -> INT COLON INT .)


state 169

    (39) qubit_index -> MINUS INT COLON . INT
    (40) qubit_index -> MINUS INT COLON . MINUS INT

    INT             shift and go to state 190
    MINUS           shift and go to state 189


state 170

    (32) select_expr -> SELECT IDENT FROM IDENT where_clause .

    COMMA           reduce using rule 32 (select_expr -> SELECT IDENT FROM IDENT where_clause .)
    ARROW           reduce using rule 32 (select_expr -> SELECT IDENT FROM IDENT where_clause .)
    SEMICOLON       reduce using rule 32 (select_expr -> SELECT IDENT FROM IDENT where_clause .)


state 171

    (31) all_from -> ALL FROM IDENT WHERE expr .
    (50) expr -> expr . AND expr
    (51) expr -> expr . OR expr
    (52) expr -> expr . EQEQ expr
    (53) expr -> expr . NE expr
    (54) expr -> expr . LT expr
    (55) expr -> expr . GT expr
    (56) expr -> expr . LE expr
    (57) expr -> expr . GE expr
    (58) expr -> expr . PLUS expr
    (59) expr -> expr . MINUS expr
    (60) expr -> expr . STAR expr
    (61) expr -> expr . DIVIDE expr
    (62) expr -> expr . PERCENT expr
    (63) expr -> expr . POWER expr

    COMMA           reduce using rule 31 (all_from -> ALL FROM IDENT WHERE expr .)
    ARROW           reduce using rule 31 (all_from -> ALL FROM IDENT WHERE expr .)
    SEMICOLON       reduce using rule 31 (all_from -> ALL FROM IDENT WHERE expr .)
    AND             shift and go to state 99
    OR              shift and go to state 100
    EQEQ            shift and go to state 101
    NE              shift and go to state 102
    LT              shift and go to state 103
    GT              shift and go to state 104
    LE              shift and go to state 105
    GE              shift and go to state 106
    PLUS            shift and go to state 107
    MINUS           shift and go to state 108
    STAR            shift and go to state 109
    DIVIDE          shift and go to state 110
    PERCENT         shift and go to state 111
    POWER           shift and go to state 112


state 172

    (21) select_stmt -> SELECT IDENT FROM IDENT where_clause SEMICOLON .

    CREATE          reduce using rule 21 (select_stmt -> SELECT IDENT FROM IDENT where_clause SEMICOLON .)
    APPLY           reduce using rule 21 (select_stmt -> SELECT IDENT FROM IDENT where_clause SEMICOLON .)
    MEASURE         reduce using rule 21 (select_stmt -> SELECT IDENT FROM IDENT where_clause SEMICOLON .)
    SELECT          reduce using rule 21 (select_stmt -> SELECT IDENT FROM IDENT where_clause SEMICOLON .)
    GATE            reduce using rule 21 (select_stmt -> SELECT IDENT FROM IDENT where_clause SEMICOLON .)
    INPUT           reduce using rule 21 (select_stmt -> SELECT IDENT FROM IDENT where_clause SEMICOLON .)
    CONST           reduce using rule 21 (select_stmt -> SELECT IDENT FROM IDENT where_clause SEMICOLON .)
    $end            reduce using rule 21 (select_stmt -> SELECT IDENT FROM IDENT where_clause SEMICOLON .)
    RBRACE          reduce using rule 21 (select_stmt -> SELECT IDENT FROM IDENT where_clause SEMICOLON .)


state 173

    (22) where_clause -> WHERE expr .
    (50) expr -> expr . AND expr
    (51) expr -> expr . OR expr
    (52) expr -> expr . EQEQ expr
    (53) expr -> expr . NE expr
    (54) expr -> expr . LT expr
    (55) expr -> expr . GT expr
    (56) expr -> expr . LE expr
    (57) expr -> expr . GE expr
    (58) expr -> expr . PLUS expr
    (59) expr -> expr . MINUS expr
    (60) expr -> expr . STAR expr
    (61) expr -> expr . DIVIDE expr
    (62) expr -> expr . PERCENT expr
    (63) expr -> expr . POWER expr

    SEMICOLON       reduce using rule 22 (where_clause -> WHERE expr .)
    COMMA           reduce using rule 22 (where_clause -> WHERE expr .)
    ARROW           reduce using rule 22 (where_clause -> WHERE expr .)
    AND             shift and go to state 99
    OR              shift and go to state 100
    EQEQ            shift and go to state 101
    NE              shift and go to state 102
    LT              shift and go to state 103
    GT              shift and go to state 104
    LE              shift and go to state 105
    GE              shift and go to state 106
    PLUS            shift and go to state 107
    MINUS           shift and go to state 108
    STAR            shift and go to state 109
    DIVIDE          shift and go to state 110
    PERCENT         shift and go to state 111
    POWER           shift and go to state 112


state 174

    (49) param_tail -> IDENT COMMA param_tail .

    RPAREN          reduce using rule 49 (param_tail -> IDENT COMMA param_tail .)


state 175

    (45) gate_def -> GATE IDENT LPAREN param_list RPAREN LBRACE . statement_list RBRACE
    (2) statement_list -> . statement statement_list
    (3) statement_list -> . statement
    (4) statement -> . create_stmt
    (5) statement -> . apply_stmt
    (6) statement -> . measure_stmt
    (7) statement -> . select_stmt
    (8) statement -> . gate_def
    (9) statement -> . input_stmt
    (10) statement -> . const_decl
    (12) create_stmt -> . CREATE QUBITS IDENT LBRACKET size_expr RBRACKET SEMICOLON
    (13) create_stmt -> . CREATE BITS IDENT LBRACKET size_expr RBRACKET SEMICOLON
    (17) apply_stmt -> . APPLY gate_call ON target_list SEMICOLON
    (43) measure_stmt -> . MEASURE target_list ARROW target_list SEMICOLON
    (44) measure_stmt -> . MEASURE target_list SEMICOLON
    (21) select_stmt -> . SELECT IDENT FROM IDENT where_clause SEMICOLON
    (45) gate_def -> . GATE IDENT LPAREN param_list RPAREN LBRACE statement_list RBRACE
    (20) input_stmt -> . INPUT IDENT SEMICOLON
    (11) const_decl -> . CONST IDENT ASSIGN expr SEMICOLON

    CREATE          shift and go to state 11
    APPLY           shift and go to state 12
    MEASURE         shift and go to state 13
    SELECT          shift and go to state 14
    GATE            shift and go to state 15
    INPUT           shift and go to state 16
    CONST           shift and go to state 17

    statement_list                 shift and go to state 191
    statement                      shift and go to state 3
    create_stmt                    shift and go to state 4
    apply_stmt                     shift and go to state 5
    measure_stmt                   shift and go to state 6
    select_stmt                    shift and go to state 7
    gate_def                       shift and go to state 8
    input_stmt                     shift and go to state 9
    const_decl                     shift and go to state 10

state 176

    (12) create_stmt -> CREATE QUBITS IDENT LBRACKET size_expr RBRACKET SEMICOLON .

    CREATE          reduce using rule 12 (create_stmt -> CREATE QUBITS IDENT LBRACKET size_expr RBRACKET SEMICOLON .)
    APPLY           reduce using rule 12 (create_stmt -> CREATE QUBITS IDENT LBRACKET size_expr RBRACKET SEMICOLON .)
    MEASURE         reduce using rule 12 (create_stmt -> CREATE QUBITS IDENT LBRACKET size_expr RBRACKET SEMICOLON .)
    SELECT          reduce using rule 12 (create_stmt -> CREATE QUBITS IDENT LBRACKET size_expr RBRACKET SEMICOLON .)
    GATE            reduce using rule 12 (create_stmt -> CREATE QUBITS IDENT LBRACKET size_expr RBRACKET SEMICOLON .)
    INPUT           reduce using rule 12 (create_stmt -> CREATE QUBITS IDENT LBRACKET size_expr RBRACKET SEMICOLON .)
    CONST           reduce using rule 12 (create_stmt -> CREATE QUBITS IDENT LBRACKET size_expr RBRACKET SEMICOLON .)
    $end            reduce using rule 12 (create_stmt -> CREATE QUBITS IDENT LBRACKET size_expr RBRACKET SEMICOLON .)
    RBRACE          reduce using rule 12 (create_stmt -> CREATE QUBITS IDENT LBRACKET size_expr RBRACKET SEMICOLON .)


state 177

    (13) create_stmt -> CREATE BITS IDENT LBRACKET size_expr RBRACKET SEMICOLON .

    CREATE          reduce using rule 13 (create_stmt -> CREATE BITS IDENT LBRACKET size_expr RBRACKET SEMICOLON .)
    APPLY           reduce using rule 13 (create_stmt -> CREATE BITS IDENT LBRACKET size_expr RBRACKET SEMICOLON .)
    MEASURE         reduce using rule 13 (create_stmt -> CREATE BITS IDENT LBRACKET size_expr RBRACKET SEMICOLON .)
    SELECT          reduce using rule 13 (create_stmt -> CREATE BITS IDENT LBRACKET size_expr RBRACKET SEMICOLON .)
    GATE            reduce using rule 13 (create_stmt -> CREATE BITS IDENT LBRACKET size_expr RBRACKET SEMICOLON .)
    INPUT           reduce using rule 13 (create_stmt -> CREATE BITS IDENT LBRACKET size_expr RBRACKET SEMICOLON .)
    CONST           reduce using rule 13 (create_stmt -> CREATE BITS IDENT LBRACKET size_expr RBRACKET SEMICOLON .)
    $end            reduce using rule 13 (create_stmt -> CREATE BITS IDENT LBRACKET size_expr RBRACKET SEMICOLON .)
    RBRACE          reduce using rule 13 (create_stmt -> CREATE BITS IDENT LBRACKET size_expr RBRACKET SEMICOLON .)


state 178

    (80) expr -> IDENT LPAREN arg_list RPAREN .

    COMMA           reduce using rule 80 (expr -> IDENT LPAREN arg_list RPAREN .)
    AND             reduce using rule 80 (expr -> IDENT LPAREN arg_list RPAREN .)
    OR              reduce using rule 80 (expr -> IDENT LPAREN arg_list RPAREN .)
    EQEQ            reduce using rule 80 (expr -> IDENT LPAREN arg_list RPAREN .)
    NE              reduce using rule 80 (expr -> IDENT LPAREN arg_list RPAREN .)
    LT              reduce using rule 80 (expr -> IDENT LPAREN arg_list RPAREN .)
    GT              reduce using rule 80 (expr -> IDENT LPAREN arg_list RPAREN .)
    LE              reduce using rule 80 (expr -> IDENT LPAREN arg_list RPAREN .)
    GE              reduce using rule 80 (expr -> IDENT LPAREN arg_list RPAREN .)
    PLUS            reduce using rule 80 (expr -> IDENT LPAREN arg_list RPAREN .)
    MINUS           reduce using rule 80 (expr -> IDENT LPAREN arg_list RPAREN .)
    STAR            reduce using rule 80 (expr -> IDENT LPAREN arg_list RPAREN .)
    DIVIDE          reduce using rule 80 (expr -> IDENT LPAREN arg_list RPAREN .)
    PERCENT         reduce using rule 80 (expr -> IDENT LPAREN arg_list RPAREN .)
    POWER           reduce using rule 80 (expr -> IDENT LPAREN arg_list RPAREN .)
    RPAREN          reduce using rule 80 (expr -> IDENT LPAREN arg_list RPAREN .)
    SEMICOLON       reduce using rule 80 (expr -> IDENT LPAREN arg_list RPAREN .)
    ARROW           reduce using rule 80 (expr -> IDENT LPAREN arg_list RPAREN .)


state 179

    (70) expr -> SIN LPAREN arg_list RPAREN .

    COMMA           reduce using rule 70 (expr -> SIN LPAREN arg_list RPAREN .)
    AND             reduce using rule 70 (expr -> SIN LPAREN arg_list RPAREN .)
    OR              reduce using rule 70 (expr -> SIN LPAREN arg_list RPAREN .)
    EQEQ            reduce using rule 70 (expr -> SIN LPAREN arg_list RPAREN .)
    NE              reduce using rule 70 (expr -> SIN LPAREN arg_list RPAREN .)
    LT              reduce using rule 70 (expr -> SIN LPAREN arg_list RPAREN .)
    GT              reduce using rule 70 (expr -> SIN LPAREN arg_list RPAREN .)
    LE              reduce using rule 70 (expr -> SIN LPAREN arg_list RPAREN .)
    GE              reduce using rule 70 (expr -> SIN LPAREN arg_list RPAREN .)
    PLUS            reduce using rule 70 (expr -> SIN LPAREN arg_list RPAREN .)
    MINUS           reduce using rule 70 (expr -> SIN LPAREN arg_list RPAREN .)
    STAR            reduce using rule 70 (expr -> SIN LPAREN arg_list RPAREN .)
    DIVIDE          reduce using rule 70 (expr -> SIN LPAREN arg_list RPAREN .)
    PERCENT         reduce using rule 70 (expr -> SIN LPAREN arg_list RPAREN .)
    POWER           reduce using rule 70 (expr -> SIN LPAREN arg_list RPAREN .)
    RPAREN          reduce using rule 70 (expr -> SIN LPAREN arg_list RPAREN .)
    SEMICOLON       reduce using rule 70 (expr -> SIN LPAREN arg_list RPAREN .)
    ARROW           reduce using rule 70 (expr -> SIN LPAREN arg_list RPAREN .)


state 180

    (71) expr -> COS LPAREN arg_list RPAREN .

    COMMA           reduce using rule 71 (expr -> COS LPAREN arg_list RPAREN .)
    AND             reduce using rule 71 (expr -> COS LPAREN arg_list RPAREN .)
    OR              reduce using rule 71 (expr -> COS LPAREN arg_list RPAREN .)
    EQEQ            reduce using rule 71 (expr -> COS LPAREN arg_list RPAREN .)
    NE              reduce using rule 71 (expr -> COS LPAREN arg_list RPAREN .)
    LT              reduce using rule 71 (expr -> COS LPAREN arg_list RPAREN .)
    GT              reduce using rule 71 (expr -> COS LPAREN arg_list RPAREN .)
    LE              reduce using rule 71 (expr -> COS LPAREN arg_list RPAREN .)
    GE              reduce using rule 71 (expr -> COS LPAREN arg_list RPAREN .)
    PLUS            reduce using rule 71 (expr -> COS LPAREN arg_list RPAREN .)
    MINUS           reduce using rule 71 (expr -> COS LPAREN arg_list RPAREN .)
    STAR            reduce using rule 71 (expr -> COS LPAREN arg_list RPAREN .)
    DIVIDE          reduce using rule 71 (expr -> COS LPAREN arg_list RPAREN .)
    PERCENT         reduce using rule 71 (expr -> COS LPAREN arg_list RPAREN .)
    POWER           reduce using rule 71 (expr -> COS LPAREN arg_list RPAREN .)
    RPAREN          reduce using rule 71 (expr -> COS LPAREN arg_list RPAREN .)
    SEMICOLON       reduce using rule 71 (expr -> COS LPAREN arg_list RPAREN .)
    ARROW           reduce using rule 71 (expr -> COS LPAREN arg_list RPAREN .)


state 181

    (72) expr -> TAN LPAREN arg_list RPAREN .

    COMMA           reduce using rule 72 (expr -> TAN LPAREN arg_list RPAREN .)
    AND             reduce using rule 72 (expr -> TAN LPAREN arg_list RPAREN .)
    OR              reduce using rule 72 (expr -> TAN LPAREN arg_list RPAREN .)
    EQEQ            reduce using rule 72 (expr -> TAN LPAREN arg_list RPAREN .)
    NE              reduce using rule 72 (expr -> TAN LPAREN arg_list RPAREN .)
    LT              reduce using rule 72 (expr -> TAN LPAREN arg_list RPAREN .)
    GT              reduce using rule 72 (expr -> TAN LPAREN arg_list RPAREN .)
    LE              reduce using rule 72 (expr -> TAN LPAREN arg_list RPAREN .)
    GE              reduce using rule 72 (expr -> TAN LPAREN arg_list RPAREN .)
    PLUS            reduce using rule 72 (expr -> TAN LPAREN arg_list RPAREN .)
    MINUS           reduce using rule 72 (expr -> TAN LPAREN arg_list RPAREN .)
    STAR            reduce using rule 72 (expr -> TAN LPAREN arg_list RPAREN .)
    DIVIDE          reduce using rule 72 (expr -> TAN LPAREN arg_list RPAREN .)
    PERCENT         reduce using rule 72 (expr -> TAN LPAREN arg_list RPAREN .)
    POWER           reduce using rule 72 (expr -> TAN LPAREN arg_list RPAREN .)
    RPAREN          reduce using rule 72 (expr -> TAN LPAREN arg_list RPAREN .)
    SEMICOLON       reduce using rule 72 (expr -> TAN LPAREN arg_list RPAREN .)
    ARROW           reduce using rule 72 (expr -> TAN LPAREN arg_list RPAREN .)


state 182

    (73) expr -> EXP LPAREN arg_list RPAREN .

    COMMA           reduce using rule 73 (expr -> EXP LPAREN arg_list RPAREN .)
    AND             reduce using rule 73 (expr -> EXP LPAREN arg_list RPAREN .)
    OR              reduce using rule 73 (expr -> EXP LPAREN arg_list RPAREN .)
    EQEQ            reduce using rule 73 (expr -> EXP LPAREN arg_list RPAREN .)
    NE              reduce using rule 73 (expr -> EXP LPAREN arg_list RPAREN .)
    LT              reduce using rule 73 (expr -> EXP LPAREN arg_list RPAREN .)
    GT              reduce using rule 73 (expr -> EXP LPAREN arg_list RPAREN .)
    LE              reduce using rule 73 (expr -> EXP LPAREN arg_list RPAREN .)
    GE              reduce using rule 73 (expr -> EXP LPAREN arg_list RPAREN .)
    PLUS            reduce using rule 73 (expr -> EXP LPAREN arg_list RPAREN .)
    MINUS           reduce using rule 73 (expr -> EXP LPAREN arg_list RPAREN .)
    STAR            reduce using rule 73 (expr -> EXP LPAREN arg_list RPAREN .)
    DIVIDE          reduce using rule 73 (expr -> EXP LPAREN arg_list RPAREN .)
    PERCENT         reduce using rule 73 (expr -> EXP LPAREN arg_list RPAREN .)
    POWER           reduce using rule 73 (expr -> EXP LPAREN arg_list RPAREN .)
    RPAREN          reduce using rule 73 (expr -> EXP LPAREN arg_list RPAREN .)
    SEMICOLON       reduce using rule 73 (expr -> EXP LPAREN arg_list RPAREN .)
    ARROW           reduce using rule 73 (expr -> EXP LPAREN arg_list RPAREN .)


state 183

    (74) expr -> LOG LPAREN arg_list RPAREN .

    COMMA           reduce using rule 74 (expr -> LOG LPAREN arg_list RPAREN .)
    AND             reduce using rule 74 (expr -> LOG LPAREN arg_list RPAREN .)
    OR              reduce using rule 74 (expr -> LOG LPAREN arg_list RPAREN .)
    EQEQ            reduce using rule 74 (expr -> LOG LPAREN arg_list RPAREN .)
    NE              reduce using rule 74 (expr -> LOG LPAREN arg_list RPAREN .)
    LT              reduce using rule 74 (expr -> LOG LPAREN arg_list RPAREN .)
    GT              reduce using rule 74 (expr -> LOG LPAREN arg_list RPAREN .)
    LE              reduce using rule 74 (expr -> LOG LPAREN arg_list RPAREN .)
    GE              reduce using rule 74 (expr -> LOG LPAREN arg_list RPAREN .)
    PLUS            reduce using rule 74 (expr -> LOG LPAREN arg_list RPAREN .)
    MINUS           reduce using rule 74 (expr -> LOG LPAREN arg_list RPAREN .)
    STAR            reduce using rule 74 (expr -> LOG LPAREN arg_list RPAREN .)
    DIVIDE          reduce using rule 74 (expr -> LOG LPAREN arg_list RPAREN .)
    PERCENT         reduce using rule 74 (expr -> LOG LPAREN arg_list RPAREN .)
    POWER           reduce using rule 74 (expr -> LOG LPAREN arg_list RPAREN .)
    RPAREN          reduce using rule 74 (expr -> LOG LPAREN arg_list RPAREN .)
    SEMICOLON       reduce using rule 74 (expr -> LOG LPAREN arg_list RPAREN .)
    ARROW           reduce using rule 74 (expr -> LOG LPAREN arg_list RPAREN .)


state 184

    (75) expr -> SQRT LPAREN arg_list RPAREN .

    COMMA           reduce using rule 75 (expr -> SQRT LPAREN arg_list RPAREN .)
    AND             reduce using rule 75 (expr -> SQRT LPAREN arg_list RPAREN .)
    OR              reduce using rule 75 (expr -> SQRT LPAREN arg_list RPAREN .)
    EQEQ            reduce using rule 75 (expr -> SQRT LPAREN arg_list RPAREN .)
    NE              reduce using rule 75 (expr -> SQRT LPAREN arg_list RPAREN .)
    LT              reduce using rule 75 (expr -> SQRT LPAREN arg_list RPAREN .)
    GT              reduce using rule 75 (expr -> SQRT LPAREN arg_list RPAREN .)
    LE              reduce using rule 75 (expr -> SQRT LPAREN arg_list RPAREN .)
    GE              reduce using rule 75 (expr -> SQRT LPAREN arg_list RPAREN .)
    PLUS            reduce using rule 75 (expr -> SQRT LPAREN arg_list RPAREN .)
    MINUS           reduce using rule 75 (expr -> SQRT LPAREN arg_list RPAREN .)
    STAR            reduce using rule 75 (expr -> SQRT LPAREN arg_list RPAREN .)
    DIVIDE          reduce using rule 75 (expr -> SQRT LPAREN arg_list RPAREN .)
    PERCENT         reduce using rule 75 (expr -> SQRT LPAREN arg_list RPAREN .)
    POWER           reduce using rule 75 (expr -> SQRT LPAREN arg_list RPAREN .)
    RPAREN          reduce using rule 75 (expr -> SQRT LPAREN arg_list RPAREN .)
    SEMICOLON       reduce using rule 75 (expr -> SQRT LPAREN arg_list RPAREN .)
    ARROW           reduce using rule 75 (expr -> SQRT LPAREN arg_list RPAREN .)


state 185

    (76) expr -> ABS LPAREN arg_list RPAREN .

    COMMA           reduce using rule 76 (expr -> ABS LPAREN arg_list RPAREN .)
    AND             reduce using rule 76 (expr -> ABS LPAREN arg_list RPAREN .)
    OR              reduce using rule 76 (expr -> ABS LPAREN arg_list RPAREN .)
    EQEQ            reduce using rule 76 (expr -> ABS LPAREN arg_list RPAREN .)
    NE              reduce using rule 76 (expr -> ABS LPAREN arg_list RPAREN .)
    LT              reduce using rule 76 (expr -> ABS LPAREN arg_list RPAREN .)
    GT              reduce using rule 76 (expr -> ABS LPAREN arg_list RPAREN .)
    LE              reduce using rule 76 (expr -> ABS LPAREN arg_list RPAREN .)
    GE              reduce using rule 76 (expr -> ABS LPAREN arg_list RPAREN .)
    PLUS            reduce using rule 76 (expr -> ABS LPAREN arg_list RPAREN .)
    MINUS           reduce using rule 76 (expr -> ABS LPAREN arg_list RPAREN .)
    STAR            reduce using rule 76 (expr -> ABS LPAREN arg_list RPAREN .)
    DIVIDE          reduce using rule 76 (expr -> ABS LPAREN arg_list RPAREN .)
    PERCENT         reduce using rule 76 (expr -> ABS LPAREN arg_list RPAREN .)
    POWER           reduce using rule 76 (expr -> ABS LPAREN arg_list RPAREN .)
    RPAREN          reduce using rule 76 (expr -> ABS LPAREN arg_list RPAREN .)
    SEMICOLON       reduce using rule 76 (expr -> ABS LPAREN arg_list RPAREN .)
    ARROW           reduce using rule 76 (expr -> ABS LPAREN arg_list RPAREN .)


state 186

    (77) expr -> ASIN LPAREN arg_list RPAREN .

    COMMA           reduce using rule 77 (expr -> ASIN LPAREN arg_list RPAREN .)
    AND             reduce using rule 77 (expr -> ASIN LPAREN arg_list RPAREN .)
    OR              reduce using rule 77 (expr -> ASIN LPAREN arg_list RPAREN .)
    EQEQ            reduce using rule 77 (expr -> ASIN LPAREN arg_list RPAREN .)
    NE              reduce using rule 77 (expr -> ASIN LPAREN arg_list RPAREN .)
    LT              reduce using rule 77 (expr -> ASIN LPAREN arg_list RPAREN .)
    GT              reduce using rule 77 (expr -> ASIN LPAREN arg_list RPAREN .)
    LE              reduce using rule 77 (expr -> ASIN LPAREN arg_list RPAREN .)
    GE              reduce using rule 77 (expr -> ASIN LPAREN arg_list RPAREN .)
    PLUS            reduce using rule 77 (expr -> ASIN LPAREN arg_list RPAREN .)
    MINUS           reduce using rule 77 (expr -> ASIN LPAREN arg_list RPAREN .)
    STAR            reduce using rule 77 (expr -> ASIN LPAREN arg_list RPAREN .)
    DIVIDE          reduce using rule 77 (expr -> ASIN LPAREN arg_list RPAREN .)
    PERCENT         reduce using rule 77 (expr -> ASIN LPAREN arg_list RPAREN .)
    POWER           reduce using rule 77 (expr -> ASIN LPAREN arg_list RPAREN .)
    RPAREN          reduce using rule 77 (expr -> ASIN LPAREN arg_list RPAREN .)
    SEMICOLON       reduce using rule 77 (expr -> ASIN LPAREN arg_list RPAREN .)
    ARROW           reduce using rule 77 (expr -> ASIN LPAREN arg_list RPAREN .)


state 187

    (78) expr -> ACOS LPAREN arg_list RPAREN .

    COMMA           reduce using rule 78 (expr -> ACOS LPAREN arg_list RPAREN .)
    AND             reduce using rule 78 (expr -> ACOS LPAREN arg_list RPAREN .)
    OR              reduce using rule 78 (expr -> ACOS LPAREN arg_list RPAREN .)
    EQEQ            reduce using rule 78 (expr -> ACOS LPAREN arg_list RPAREN .)
    NE              reduce using rule 78 (expr -> ACOS LPAREN arg_list RPAREN .)
    LT              reduce using rule 78 (expr -> ACOS LPAREN arg_list RPAREN .)
    GT              reduce using rule 78 (expr -> ACOS LPAREN arg_list RPAREN .)
    LE              reduce using rule 78 (expr -> ACOS LPAREN arg_list RPAREN .)
    GE              reduce using rule 78 (expr -> ACOS LPAREN arg_list RPAREN .)
    PLUS            reduce using rule 78 (expr -> ACOS LPAREN arg_list RPAREN .)
    MINUS           reduce using rule 78 (expr -> ACOS LPAREN arg_list RPAREN .)
    STAR            reduce using rule 78 (expr -> ACOS LPAREN arg_list RPAREN .)
    DIVIDE          reduce using rule 78 (expr -> ACOS LPAREN arg_list RPAREN .)
    PERCENT         reduce using rule 78 (expr -> ACOS LPAREN arg_list RPAREN .)
    POWER           reduce using rule 78 (expr -> ACOS LPAREN arg_list RPAREN .)
    RPAREN          reduce using rule 78 (expr -> ACOS LPAREN arg_list RPAREN .)
    SEMICOLON       reduce using rule 78 (expr -> ACOS LPAREN arg_list RPAREN .)
    ARROW           reduce using rule 78 (expr -> ACOS LPAREN arg_list RPAREN .)


state 188

    (79) expr -> ATAN LPAREN arg_list RPAREN .

    COMMA           reduce using rule 79 (expr -> ATAN LPAREN arg_list RPAREN .)
    AND             reduce using rule 79 (expr -> ATAN LPAREN arg_list RPAREN .)
    OR              reduce using rule 79 (expr -> ATAN LPAREN arg_list RPAREN .)
    EQEQ            reduce using rule 79 (expr -> ATAN LPAREN arg_list RPAREN .)
    NE              reduce using rule 79 (expr -> ATAN LPAREN arg_list RPAREN .)
    LT              reduce using rule 79 (expr -> ATAN LPAREN arg_list RPAREN .)
    GT              reduce using rule 79 (expr -> ATAN LPAREN arg_list RPAREN .)
    LE              reduce using rule 79 (expr -> ATAN LPAREN arg_list RPAREN .)
    GE              reduce using rule 79 (expr -> ATAN LPAREN arg_list RPAREN .)
    PLUS            reduce using rule 79 (expr -> ATAN LPAREN arg_list RPAREN .)
    MINUS           reduce using rule 79 (expr -> ATAN LPAREN arg_list RPAREN .)
    STAR            reduce using rule 79 (expr -> ATAN LPAREN arg_list RPAREN .)
    DIVIDE          reduce using rule 79 (expr -> ATAN LPAREN arg_list RPAREN .)
    PERCENT         reduce using rule 79 (expr -> ATAN LPAREN arg_list RPAREN .)
    POWER           reduce using rule 79 (expr -> ATAN LPAREN arg_list RPAREN .)
    RPAREN          reduce using rule 79 (expr -> ATAN LPAREN arg_list RPAREN .)
    SEMICOLON       reduce using rule 79 (expr -> ATAN LPAREN arg_list RPAREN .)
    ARROW           reduce using rule 79 (expr -> ATAN LPAREN arg_list RPAREN .)


state 189

    (40) qubit_index -> MINUS INT COLON MINUS . INT

    INT             shift and go to state 192


state 190

    (39) qubit_index -> MINUS INT COLON INT .

    RBRACKET        reduce using rule 39 (qubit_index -> MINUS INT COLON INT .)


state 191

    (45) gate_def -> GATE IDENT LPAREN param_list RPAREN LBRACE statement_list . RBRACE

    RBRACE          shift and go to state 193


state 192

    (40) qubit_index -> MINUS INT COLON MINUS INT .

    RBRACKET        reduce using rule 40 (qubit_index -> MINUS INT COLON MINUS INT .)


state 193

    (45) gate_def -> GATE IDENT LPAREN param_list RPAREN LBRACE statement_list RBRACE .

    CREATE          reduce using rule 45 (gate_def -> GATE IDENT LPAREN param_list RPAREN LBRACE statement_list RBRACE .)
    APPLY           reduce using rule 45 (gate_def -> GATE IDENT LPAREN param_list RPAREN LBRACE statement_list RBRACE .)
    MEASURE         reduce using rule 45 (gate_def -> GATE IDENT LPAREN param_list RPAREN LBRACE statement_list RBRACE .)
    SELECT          reduce using rule 45 (gate_def -> GATE IDENT LPAREN param_list RPAREN LBRACE statement_list RBRACE .)
    GATE            reduce using rule 45 (gate_def -> GATE IDENT LPAREN param_list RPAREN LBRACE statement_list RBRACE .)
    INPUT           reduce using rule 45 (gate_def -> GATE IDENT LPAREN param_list RPAREN LBRACE statement_list RBRACE .)
    CONST           reduce using rule 45 (gate_def -> GATE IDENT LPAREN param_list RPAREN LBRACE statement_list RBRACE .)
    $end            reduce using rule 45 (gate_def -> GATE IDENT LPAREN param_list RPAREN LBRACE statement_list RBRACE .)
    RBRACE          reduce using rule 45 (gate_def -> GATE IDENT LPAREN param_list RPAREN LBRACE statement_list RBRACE .)

